기사 타이틀,본문
"인텔 '中맞춤용' AI반도체 '가우디2' 대박…""TSMC에 발주 늘려""",".........윤고은 기자.기자 페이지.......애플 주요 협력사 퀄컴은 상하이서 정리해고 나서 대조.........[AP 연합뉴스 자료사진]..... (홍콩=연합뉴스) 윤고은 특파원 = 미국 반도체 기업 인텔이 자국의 대중국 제재를 피해 중국 시장 맞춤용으로 내놓은 인공지능(AI)용 반도체 '가우디2'가 대박을 터트리고 있는 것으로 알려졌다. . 22일 홍콩 사우스차이나모닝포스트(SCMP)는 대만 디지타임스를 인용, 지난 7월 중국에서 출시된 '가우디2'의 수요가 치솟으면서 인텔이 최근 해당 칩의 파운드리(반도체 위탁생산) 업체인 대만 TSMC에 발주를 늘렸다고 전했다. . 디지타임스는 소식통을 인용해 인텔이 TSMC에 발주를 늘린 사실을 전하며 중국에서 가우디2의 수요가 엄청나게 확대됐다고 보도했다. ..광고.... 인텔과 TSMC는 중국 본토에서의 최근 매출을 공개하지 않았으며, 디지타임스의 보도에 대한 입장도 밝히지 않았다.. 다만 이달 초 인텔의 최고재무책임자(CFO)는 한 콘퍼런스에서 가우디 칩을 찾는 고객이 늘어나고 있다고 밝혔다. . 가우디2는 인텔이 엔비디아가 장악한 AI용 반도체 시장을 겨냥해 내놓은 중국 맞춤용 칩으로 미국의 제재 대상이 아니다. . 인텔은 7월 베이징에서 연 가우디2 출시 행사에서 ""가우디2는 진입 장벽을 낮추고 중국 본토 고객들의 AI 사용 역량을 높이기 위해 설계됐다""며 ""이는 중국의 AI 미래 구축을 도울 것""이라고 밝혔다. . 앞서 지난해 8월 미국 상무부는 중국 인민해방군이 AI용 그래픽처리장치(GPU) 반도체를 사용할 위험이 있다며 엔비디아와 AMD에 관련 반도체의 중국 수출을 금지했다. 그 결과 엔비디아의 A100과 그 업그레이드 버전인 H100의 중국 수출에 제동이 걸렸다. . GPU는 챗GPT 같은 생성형 AI에서 두뇌 역할을 하는 칩으로 엔비디아는 세계 AI용 GPU 시장의 90% 이상을 점유하고 있다.. 이에 엔비디아는 A100과 H100의 데이터 전송 속도 등 성능을 낮춘 중국 수출용 버전인 A800과 H800을 내놓았다.. 그러나 중국에서 챗GPT 대항마 개발 열풍이 불면서 중국 기업들이 A800과 H800을 제때 구하기도 어려워졌고, 이에 중국에는 관련 반도체 암시장도 형성됐다고 앞서 SCMP는 보도했다. . 이런 상황에서 인텔은 중국 시장에 공을 들이고 있다. 지난해 인텔은 총매출의 27%를 중국 시장에서 거뒀다. . 중국 정보기술(IT) 기업들이 앞다퉈 '중국판 챗GPT' 개발에 뛰어든 가운데 미국의 제재로 관련 반도체의 선택지는 좁아지면서 가우디2가 대박을 터트리고 있다는 분석이 나온다. . 중국 정부 연구소 자료에 따르면 지난 5월 현재 중국에는 매개변수(파라미터)가 10억개 이상인 대규모언어모델(LLM)이 최소 79개 있다.. 파라미터는 AI가 딥러닝을 통해 학습한 데이터가 저장되는 곳으로, 일반적으로 파라미터가 많을수록 기능이 더 뛰어나다. . GPT-3의 파라미터는 1천750억개, 구글 바드의 파라미터는 1천370억개다. . 한편, 미국의 스마트폰용 반도체 칩 설계·공급업체인 퀄컴은 상하이 사무소에서 정리해고를 진행하며 인텔의 '대박'과 대조를 이루고 있다. . SCMP는 차이나비즈니스뉴스를 인용, 중국에서 크게 사업을 벌여온 미국 회사 중 하나인 퀄컴이 지난 21일 상하이 사무소에서 정리해고가 있을 것이라고 밝혔다고 전했다. . 퀄컴은 정리해고 규모를 공개하지는 않았지만 사무소 폐쇄나 철수로 이어질 만큼의 대규모 감원은 아니라고 선을 그었다. . 앞서 중국 소셜미디어에는 퀄컴이 상하이의 연구·개발(R&D) 시설에서 수십명을 내보내면서 퇴직금을 넉넉히 챙겨주고 있다는 글들이 올라왔다.. 퀄컴 상하이 사무소의 한 직원은 SCMP에 정리해고가 이미 진행 중이지만 규모는 크지 않다고 말했다. . 애플의 주요 공급사인 퀄컴은 중국 12개 도시에 사무소를 두고 반도체와 이동통신 사업을 펼쳐왔다. . 그러나 퀄컴은 지난달 분기 실적 보고서에서 거시경제와 수요의 불확실성이 계속됨에 따라 하반기 인력 감축이 예상된다고 밝혔다. . 퀄컴에 앞서 지난 3월에는 미국 시스템반도체 전문기업 마벨 테크놀로지가 반도체 산업 둔화에 대한 대응으로 중국에서 R&D 팀 전원을 해고한다고 발표했다. 마벨은 지난해 10월에는 상하이와 청두에 있는 여러 부서를 축소하거나 없앴다.. pretty@yna.co.kr...관련기사....엔비디아 CFO ""반도체 中 수출규제, 장기적으로 美기업에 타격"".인텔, 美규제에도 中사업 확장…선전에 반도체 혁신센터 열어.中 상반기 반도체 수입량 19% 줄어…미국 수출통제 여파.美수출규제에 중국서 AI용 엔비디아 반도체 밀수시장 급성장.퀄컴 ""당장 스마트폰 수요 늘지 않을 것…올해 출하량 5~10%↓"".....제보는 카카오톡 okjebo..2023/09/22 10:34 송고.."
살인예비 의뢰인에 피해자 정보 제공한 흥신소업자 구속기소,".........한무선 기자.기자 페이지...... (대구=연합뉴스) 한무선 기자 = 대구지검 형사2부(신종곤 부장검사)는 22일 살인을 예비한 의뢰인에게 피해자 개인정보를 제공한 혐의(개인정보 보호법 위반 등)로 흥신소업자 A(48)씨를 구속기소 했다........대구지검.[연합뉴스 자료 사진]..... A씨는 지난 7월 20일 스토킹 피해자를 살해하려던 B(32)씨 의뢰를 받아 살인예비 피해자를 미행하고 피해자 사진을 촬영해 B씨에게 전송한 혐의를 받고 있다.. 또 지난 2월부터 8월까지 타인의 차에 위치추적기를 부착해 7차례에 걸쳐 위치정보를 수집하고 개인정보 판매업자로부터 18차례의 걸쳐 남의 주민등록번호, 가족관계 정보 등을 받아 의뢰인에게 전달한 혐의도 받는다...광고.... 한편 검찰은 A씨에게 살인예비 피해자 사진 촬영 등을 의뢰한 B씨를 스토킹 처벌법 위반 교사죄로 이날 추가로 기소했다. 그는 수년간 혼자 좋아하던 피해자를 살해하기로 마음먹고 흉기 등을 구매한 혐의 등으로 지난 달 구속기소 됐다.. 검찰은 또 A씨에게 모 남자 가수의 자동차 확인과 불법 위치추적을 의뢰한 열성 팬 C(34·여)씨도 이날 불구속기소 했다.. mshan@yna.co.kr..제보는 카카오톡 okjebo..2023/09/22 10:33 송고.."
"경남도, 추석 앞 식품업체 점검…8곳 적발·식품 2건 폐기",".........이정훈 기자.기자 페이지...... (창원=연합뉴스) 이정훈 기자 = 경남도는 추석을 앞두고 식품제조·판매업체를 점검해 위생 취급기준 등을 위반한 8곳을 적발했다고 22일 밝혔다.. 경남도는 지난 4일부터 5일간 18개 시·군에 있는 식품제조·판매업체 451곳을 점검했다.. 적발된 8곳은 표시기준을 위반했거나 자체 품질검사를 하지 않고 제조·가공실을 비위생적으로 관리해 위생 취급기준을 어겼다고 경남도는 설명했다...광고.... 경남도는 또 떡·한과류·벌꿀·두부 등 가공식품 37건, 전·튀김 등 조리식품 19건, 조기·명태 등 식품 66건을 대상으로 중금속·식중독균 등을 검사했다.. 이 가운데 업소 1곳에서 만든 명태전, 깻잎전에서 식중독을 일으킬 수 있는 황색포도상구균이 나와 회수해 폐기했다.. 경남도는 수산물 54건에 대한 방사능 검사 결과는 모두 적합했다고 밝혔다........식품업체 위생점검.[연합뉴스 자료사진]..... seaman@yna.co.kr..제보는 카카오톡 okjebo..2023/09/22 10:32 송고.."
신발로 직원 때리고 사표 강요 의혹 순정축협 특별근로감독,".........김승욱 기자.기자 페이지.......노동장관, 철저한 감독 지시…""매우 엄중하게 보고 있다""........고용노동부.[연합뉴스TV 제공]..... (서울=연합뉴스) 김승욱 기자 = 최근 직원에 대한 폭행과 괴롭힘 의혹이 제기된 전북 순창 순정축협에 대해 노동 당국이 대대적인 감독에 착수했다.. 고용노동부는 전북지방고용노동청에 10여 명으로 이뤄진 특별근로감독팀을 구성해 22일부터 순정축협과 둘러싼 각종 의혹을 조사한다고 밝혔다.. 앞서 한 언론매체는 순정축협의 60대 조합장이 신고 있던 신발을 벗어 40대 직원들을 때리고 ""사표를 안 쓰면 가만 안 두겠다"" 등의 폭언을 퍼부었다고 보도했다...광고.... 노동부는 폭행이나 직장 내 괴롭힘 등으로 사회적 물의를 일으킨 기업에 대해서는 예외 없이 감독을 실시하고 있다. 노동부는 순정축협의 노동관계법 위반 사항을 집중적으로 점검해 위법 사항이 확인되면 처벌할 계획이다.. 이정식 노동부 장관은 ""지속적인 감독에도 직장 내 괴롭힘이 근절되지 않는 상황을 매우 엄중하게 보고 있다""며 철저한 감독을 지시했다.. ksw08@yna.co.kr...관련기사....[게시판] 롯데월드, 3연속 인적자원개발 우수기관 인증.안성 공사장 붕괴사고 감식 결과 ""구조검토 없이 동바리 설치"".'수원상수도사업소 추락사고' 40대, 8일만에 숨져…중처법 조사.광양서 70대 노동자 끼임사고로 숨져…중대재해법 조사.노동부·국토부, 임금체불 불법하도급 건설현장 불시 합동단속.하남 '슈퍼팝 2023' 무대 붕괴 원인은?…경찰, 현장 합동 감식.소규모·영세사업장 고용·산재보험료 납부기한 3개월 연장.....제보는 카카오톡 okjebo..2023/09/22 10:31 송고.."
'2023 강변가요제 뉴챌린지' 올해는 평창에서 23일 개막,".........이재현 기자.기자 페이지.......싱어송라이터들의 축제…본선 12팀 경연, 총상금 7천만원.. (평창=연합뉴스) 이재현 기자 = 싱어송라이터들의 축제인 '2023 MBC 강변가요제 뉴챌리지'가 오는 23일 오후 7시 평창종합운동장 야외 특설무대에서 열린다........2023 강변가요제 뉴챌린지.[평창군 제공.재판매 및 DB 금지]..... 가수 하하와 아나운서 정다희 사회로 진행하는 이번 강변가요제는 2차례의 예선을 뚫고 본선에 진출한 12팀이 경연을 펼친다.. 본선에는 김휘중, 남궁현, 놀플라워(nollflower), 롱아일랜드, 리버 브로스, 엔분의일(1/N), 찬온, 하다(HADA), AUX(억스), Cream(크림), Lily Sue(릴리 수), OAH!(오아!) 팀이 진출했다...광고.... 본선 당일 현장 심사를 통해 순위를 결정한다.. 대상은 4천만원, 금상 1천500만원, 은상 700만원, 동상 500만원, 장려상 300만원 등 총 7천만원의 상금을 준다.. 본선 경연에 이어 보이그룹 골든차일드(Golden Child), 래퍼 빅나티(BIG Naughty), 사운드 힐즈(soundhills) 등 아티스트들의 축하 무대가 펼쳐진다.. 1978년 '강변축제'로 처음 막을 올린 '강변가요제'는 수많은 히트곡과 스타를 배출하면서 1980∼1990년대 신인가수 등용문 역할을 했다.. 그동안 이상은, 이선희, 장윤정 등 뛰어난 역량의 가수를 다수 배출해 스타 등용문으로서 명성과 함께 영향력 있는 가요제로 자리 잡았다.. 하지만 시대가 흐르면서 참신한 노래와 신인 발굴이라는 본래 기능이 사라졌다는 지적이 나오고 대중의 반응도 시들해지면서 2001년 행사를 마지막으로 폐지됐다.. 그러다 지난해 9월 원주시 간현유원지에서 '강변가요제 뉴챌린지'라는 이름으로 21년 만에 부활했다.. jlee@yna.co.kr...관련기사....평창군, 평창동계올림픽 유산 평화 테마파크 조성.[굽이굽이 별천지] ⑫ '메밀꽃 필 무렵' 소설 속 허생원의 장돌뱅이길.'강원키즈트리엔날레 2023' 오는 21일 평창서 개막.....제보는 카카오톡 okjebo..2023/09/22 10:31 송고.."
이재명 동조단식 15일차 민주당 용인갑지역위원장 직대 병원행,".........최찬흥 기자.기자 페이지.......이화영 연루 대북송금 의혹사건 관련 압수수색·출석요구에 항의 .. (수원=연합뉴스) 최찬흥 기자 = 더불어민주당 경기도당은 22일 이재명 대표 동조단식을 벌여온 이우일 용인갑지역위원회 위원장 직무대행이 전날 의식을 잃고 병원으로 이송됐다고 밝혔다........단식 중인 이우일 민주당 용인갑지역위원회 위원장 직무대행.[민주당 경기도당 제공. 재판매 및 DB 금지]..... 경기도당 관계자는 ""이 직무대행이 역사왜곡 친일매국정권, 민주주의훼손 검찰독재정권을 규탄하며 지난 7일부터 용인시 처인구 평화공원에서 이 대표의 무기한 단식농성에 대한 동조단식에 들어갔었다""며 ""15일 차인 전날 일교차가 커지며 저체온증을 호소했다""고 전했다.. 이 관계자는 ""용인갑지역위원장이었던 이화영 전 경기도 평화부지사가 연루된 쌍방울그룹 대북송금 의혹 사건과 관련해 이 직무대행 자택과 지역사무소가 수차례 압수수색을 당하고 당직자들이 지속해 출석을 요구받자 이 직무대행이 이 대표와 함께 국민 항쟁을 시작할 것이라고 선언한 바 있다""고 덧붙였다. ..광고.... 이 직무대행은 명지병원으로 옮겨져 건강을 회복 중인 것으로 전해졌다. . chan@yna.co.kr..제보는 카카오톡 okjebo..2023/09/22 10:31 송고.."
"국방위 與간사 성일종 ""신원식, 과한 표현 정중히 사과해야""",".........안채원 기자.기자 페이지.......""야당 시절 시민운동하며 한 말…업무 장악력·이해력은 높은 점수""........신원식 후보자, 인사청문회 사무실 출근.(서울=연합뉴스) 임화영 기자 = 신원식 국방부 장관 후보자가 19일 오전 서울 용산구 육군회관에 마련된 인사청문회 준비 사무실로 출근하고 있다. 2023.9.19 hwayoung7@yna.co.kr..... (서울=연합뉴스) 안채원 기자 = 국회 국방위원회 여당 간사인 국민의힘 성일종 의원은 22일 과거 발언 논란이 불거진 신원식 국방부 장관 후보자에 대해 ""정중히 사과해야 한다""고 밝혔다.. 성 의원은 이날 CBS 라디오 인터뷰에서 '문재인 모가지 따는 건 시간 문제', '5.16 군사쿠데타는 혁명' 등과 같은 신 후보자의 과거 발언에 대한 '실드'(방어)가 가능하냐는 질문에 ""그걸 다 어떻게 실드 칠 수 있겠나""라며 이같이 말했다.. 성 의원은 해당 발언들을 두고 ""(신 후보자가) 야당 시절에 시민운동을 하면서 한 말""이라며 ""과한 표현이 있었고 잘못된 거라고 생각한다""고 지적했다...광고.... 이어 ""그렇지만 아주 훌륭한 군인이셨고 굉장히 작전통이고 전략가""라며 ""여야 함께 신 후보자의 국방에 대한 이해력과 장악력을 다 알고 있다""고 했다.. 또 ""아마 야당 의원님들도 시민운동을 하면서 이런 격한 표현을 한 것에 대해서는 동의할 수 없더라도, 신 후보자의 업무 장악력과 이해력에 대해서는 높은 점수를 줄 것""이라고 강조했다.. 국회 국방위는 오는 27일 신 후보자에 대한 인사청문회를 개최한다.. chaewon@yna.co.kr..제보는 카카오톡 okjebo..2023/09/22 10:30 송고.."
"노동장관 ""정부위원회 청년·미조직 노동자 등에 개방""",".........홍준석 기자.기자 페이지.......경사노위와 합동간담회…""담합적 노사관계는 경쟁력 저해""........대화하는 이정식 노동부 장관과 김문수 경사노위 위원장.[연합뉴스 자료사진]..... (서울=연합뉴스) 홍준석 기자 = 최저임금위원회와 고용정책심의위원회 등 고용노동부 소속 위원회에 청년과 노동조합에 속하지 않은 미조직노동자 등이 참여하게 될지 주목된다.. 이정식 고용노동부 장관은 22일 노동부 '노동의 미래 포럼'과 경제사회노동위원회 '노사관계 제도·관행 개선 자문단' 합동간담회에서 ""앞으로 청년, 플랫폼 종사자, 미조직 근로자 등이 참가할 수 있도록 정부위원회를 개방하겠다""라고 말했다.. 그러면서 ""현재 많은 정부위원회에 노사단체가 참가 중이지만 일부 총연합단체가 참여권을 독점하거나 과다 대표되고 있어 전체의 이해를 대변하지 못한다는 비판이 지속되고 있다""라고 지적했다...광고.... 산업재해보상보험재심사위원회처럼 법령에 규정되지 않더라도 관행에 따라 양대노총 추천 인사를 노동자대표로 임명하는 경우가 있는데, 2021년 기준 노조 조직률이 14.2%인 만큼 나머지 85.8% 노동자를 대표하는 창구를 만들겠다는 뜻이다.. 이 장관은 또 사용자 부당노동행위와 노사담합 등 불공정행위를 개선해야 한다고 강조했다.. 그는 ""불투명하고 담합적인 노사관계 관행으로 인한 노동시장 불안정성·불확실성은 미래 국가경쟁력을 저해할 것""이라면서 ""위법부당한 관행을 지속적인 감독으로 시정하고 홍보·인식 개선을 통해 새로운 노사문화를 정착시키겠다""라고 했다.. 김문수 경사노위 위원장도 ""힘의 논리로 이해관계를 관철하거나 금품을 주고받고 약점을 봐주는 시대는 지나갔다""라며 ""노사관계의 불법행위, 노조의 회계 비리, 사용자의 부당노동행위 등은 근절돼야 할 것""이라고 말했다.. 이번 간담회는 공정한 노사관계 구축에 대한 청년들의 의견을 듣기 위해 마련됐다. . 자문단 위원인 이상희 한국공학대 교수가 사용자의 부당노동행위와 노조의 불합리한 관행을 주제로 발제한다. . honk0216@yna.co.kr...관련기사....회사 월급 받는 노조 전임자 '근로시간면제 한도' 13% 위법 확인(종합).이정식 ""노동시장 이중구조, 미래 일자리 위협·청년 희망 박탈""(종합).노동장관 ""공공부문 노사관계 불합리한 관행 개선"".노조 회계공시 시스템 내달 1일 개통…공시해야 조합비 세액공제.이정식 ""노동개혁, 저성장 국면 타개 지름길…목표는 노사 상생"".....제보는 카카오톡 okjebo..2023/09/22 10:30 송고.."
"공공기관 6개월 이상 인턴 채용 실적, 경영평가에 반영",".........박원희 기자.기자 페이지.......장기 인턴 채용시 인센티브 강화…채용 기회 확대 기대........공공기관 채용 설명회.[연합뉴스 자료사진]..... (세종=연합뉴스) 박원희 기자 = 공공기관의 장기 인턴 채용을 확대하기 위해 근무 기간이 6개월 이상인 인턴의 채용 실적이 경영평가에 반영된다.. 기획재정부는 22일 무역보험공사에서 임기근 재정관리관이 '공공기관 부기관장 및 청년인턴과 대화'를 갖고 이런 내용의 제도 개선 방안을 논의했다고 밝혔다.. 정부는 올해 공공기관의 경영을 평가할 때 근무 기간이 6개월 이상인 인턴의 채용실적을 평가하는 항목과 관련 정성평가를 신설한다. ..광고.... 6개월이 넘는 시점부터 소요되는 인건비는 공공기관의 경상비 절감분으로 인정한다. 공공기관의 장기 채용을 확대하기 위해 인센티브를 강화한다는 취지다.. 인턴 책임관 지정, 인턴 수료증 차등화, 인턴 운영이 우수한 공공기관에 대한 부총리 포상 등 청년 인턴 제도도 내실화한다는 계획이다.. 임기근 재정관리관은 ""청년에게 업무 경험과 취업 가능성을 높이는 기회가 되고 공공기관에 아이디어 발굴과 업무경감의 기회가 되기 위해서는 6개월 이상 청년인턴 확대와 인턴제도 운영 내실화가 중요하다""고 말했다.. 정부는 청년 인턴 확대 정책으로 6개월 이상 청년 인턴을 채용한 공공기관이 지난해 연간 38곳에서 올해 8월 말 기준 156곳으로 늘었다고 밝혔다. 같은 기간 채용 인원은 989명에서 6천420명으로 늘었다.. 기재부는 청년 인턴과의 대화를 신설·정례화해 청년인턴 제도과 공공기관 운영에 관한 논의를 이어갈 예정이다.. encounter24@yna.co.kr..제보는 카카오톡 okjebo..2023/09/22 10:30 송고.."
"산업장관, 美에 삼성·SK 中공장 장비반입 협조 요청",".........차대운 기자.기자 페이지.......방한 미 상무부 부장관 만나, '반도체 협력' 강조'미 보조금 받으면 中 생산 제한' 가드레일 관련 입장도 전달........방문규 산업장관(왼쪽)과 돈 그레이브스 미국 상무부 부장관.[연합뉴스 자료사진 합성]..... (세종=연합뉴스) 차대운 기자 = 방문규 산업통상자원부 장관이 미국 상무부 고위 당국자를 만나 삼성전자와 SK하이닉스의 중국 반도체 공장에 미국산 장비를 계속 반입하는 것을 포함한 반도체 현안의 '원만한 해결'을 촉구했다.. 산업부는 방 장관이 22일 서울에서 방한 중인 돈 그레이브스 미국 상무부 부장관을 접견해 한미 간 경제·통상 협력 방안을 논의했다고 밝혔다.. 방 장관은 한미 관계가 지난 4월 한미 정상회담, 8월 한미일 정상회담을 통해 첨단산업·기술 동맹으로 발전하고 있다면서 보다 제도화된 협력이 가능하게 되었다고 평가했다...광고.... 방 장관은 이어 한국 반도체 업계의 큰 관심사인 대중 반도체 장비 수출 통제와 반도체법(CHIPS Act) 가드레일 규정에 관한 우리 측 의견을 전달하고 미국 측의 협력을 요청했다. . 방 장관은 ""한미 간 첨단산업·공급망의 핵심인 반도체 산업 협력을 보다 강화해 나갈 필요가 있다""며 ""반도체 수출 통제, 가드레일 규정 등 현안도 원만히 해결되도록 상무부 측의 적극적인 협조를 당부한다""고 말했다.. 미국 정부는 지난해 10월 자국 기업이 중국 반도체 생산 기업에 반도체 장비를 수출하는 것을 사실상 막는 수출 통제 조치를 발표했다.. 삼성전자와 SK하이닉스가 미국의 심사를 받지 않고 중국 반도체 공장에 장비를 반입할 수 있는 1년 유예 기간이 내달로 끝나 양국은 유예 기간 끝난 뒤 해법을 놓고 막바지 협의를 진행 중이다.. 그레이브스 부장관은 전날 서울 그랜드하얏트 호텔에서 열린 '한미 첨단산업 기술협력 포럼' 현장에서 연합뉴스와 만나 ""한국 반도체 기업들의 중국 내 합법적인 사업은 계속할 수 있도록 허용한다는 점을 확실히 하고 싶다""고 말했다.............. 삼성전자와 SK하이닉스가 중국에 대규모 반도체 생산 시설을 운영 중이어서 반도체법에 따라 미국 정부의 보조금을 받을 반도체 기업의 중국 내 생산 확장에 제한을 가하는 가드레일 규정이 어떻게 형성될지도 우리 정부와 업계의 관심사다. . 미국 상무부는 지난 3월 공개한 가드레일 규정안에서 보조금 환수 기준이 되는 '실질적 확장' 기준은 첨단 반도체의 경우 5% 이상, 이전 세대의 범용 반도체는 10% 이상으로 정했다. 다만 이는 아직 미완성 단계로 미국 정부는 업계와 각국 정부의 의견을 접수해 조만간 최종 규정을 내놓을 예정이다.. 앞서 우리 정부는 미국 정부에 낸 공식 의견서에서 우리 업계의 의견을 반영해 첨단 반도체 기준을 5%에서 10%로 높이고, 첨단과 범용 반도체를 나누는 기준도 완화해달라고 요청한 상태다.. 아울러 방 장관은 미국의 인플레이션 감축법(IRA)과 관련해 그간 양국이 긴밀하게 협력해왔다고 평가하면서 남은 쟁점에 대해서도 한국의 입장을 적극적으로 고려해 달라고 그레이브스 부장관에게 요청했다.. IRA 시행 이후 한국 자동차 업계는 미국 완성차 공장이 설립될 때까지 현지에서 보조금을 받을 수 있는 리스 형태로 수출길을 찾았다. 배터리 분야에서도 양극재와 음극재가 핵심 광물과 같은 '구성 소재'로 분류되는 등 한국 이차전지 업체들에 대체로 우호적인 결과가 나온 것으로 평가된다.. 다만 한국 배터리 업계가 여전히 중국 기업과 합작 등 활발한 협력을 하는 가운데 공급망에서 완전히 배제해야 할 해외우려기업(FEOC)에 대한 가이드라인이 아직 확정되지 않아 불확실성이 큰 상황이다.. 한편, 안덕근 통상교섭본부장도 21일 그레이브스 부장관과 별도 면담을 하고 IRA, 인도·태평양 경제 프레임워크(IPEF), 수출 통제, 철강 수입 규제 등 양국 간 주요 통상 현안을 논의했다.. cha@yna.co.kr..제보는 카카오톡 okjebo..2023/09/22 10:30 송고.."
[연합뉴스 이 시각 헤드라인] - 10:30,". ■ 이재명 이르면 26일 구속여부 결정…기일 연기 가능성도. '백현동 개발사업 특혜 의혹'과 '쌍방울그룹 대북송금 의혹'을 받는 더불어민주당 이재명 대표의 구속 여부가 이르면 26일 결정된다. 서울중앙지법은 22일 이 대표의 구속 전 피의자 심문(영장심사) 기일을 26일 오전 10시로 지정했다. 유창훈(50·사법연수원 29기) 영장전담 부장판사가 심리한다. 영장심사가 예정대로 진행되면 이 대표의 구속 여부는 26일 밤이나 27일 새벽 결정될 가능성이 높다.. 전문보기: https://www.yna.co.kr/view/AKR20230922015751004..광고..........이재명 대표.(수원=연합뉴스) 홍기원 기자 = 더불어민주당 이재명 대표가 지난 12일 오후 수원지방검찰청에서 '쌍방울 그룹 대북 송금' 의혹 관련 조사를 마친 후 나와 발언하고 있다. 2023.9.12 xanadu@yna.co.kr..... ■ 尹, 뉴욕 양자회담 40건 목전…엑스포 유치전 '막판 스퍼트'. 윤석열 대통령은 미국 뉴욕 방문 나흘째인 21일(현지시간)에도 2030 부산세계박람회(엑스포) 유치를 위한 연쇄 양자 회담을 이어갔다. 이날 오전 뉴욕 디지털 비전 포럼 연설을 위해 뉴욕대를 찾은 것을 제외하면 내내 회담장이 차려진 주유엔 한국대표부에 머무르며 종일 각국 정상들과 회담했다. 윤 대통령은 먼저 기예르모 라소 에콰도르 대통령을 만나 ""전략적경제협력협정(SECA) 체결에 대한 양국 간 협의가 순조롭게 진행되고 있다""고 말했다.. 전문보기: https://www.yna.co.kr/view/AKR20230922003051001. ■ 오늘 아침 11~21도 '쌀쌀'…낮 24~28도로 일교차 커. 22일 중부내륙을 중심으론 낮과 밤 기온 차가 15도 내외에 달하는 등 일교차가 크겠다. 이날 아침 기온은 11~21도로 전날에 견줘 3~5도 낮았다. 전날 밤부터 북쪽에서 찬 공기가 남하하면서 기온이 뚝 떨어졌다. . 전문보기: https://www.yna.co.kr/view/AKR20230922023000530. ■ 개학 후 독감 환자 다시 증가세…어린이·청소년서 급증. 인플루엔자(독감)가 1년 넘게 유행 중인 가운데 개학을 맞은 어린이·청소년을 중심으로 환자 수가 다시 증가세로 돌아섰다. 22일 질병관리청에 따르면 지난 일주일간(9월 10∼16일) 전국 196개 표본감시의료기관을 찾은 독감 의사환자(의심증상을 보이는 환자)는 외래환자 1천 명당 13.1명이다. 직전 주 1천 명당 11.3명에서 16%가량 증가한 것으로, 이번 2023∼2024절기 유행 기준인 1천 명당 6.5명의 2배를 넘겼다.. 전문보기: https://www.yna.co.kr/view/AKR20230922026600530. ■ 6월 임용 공직자 재산공개…조성은 방통위 사무처장 등 51명 신고. 정부 공직자윤리위원회는 22일 지난 6월 신분이 변동된 고위공직자 51명의 보유 재산을 공개했다. 6월에 신규 임명된 10명, 승진한 11명, 퇴직한 18명 등이 보유 재산을 신고했다. 지난 6월 감사원 감사교육원장에서 승진 임명된 조성은 방송통신위원회 사무처장은 총 35억2천만원 재산을 신고했다. 이달 재산을 공개한 전·현직 고위공무원 중 두 번째로 보유 재산이 많았다. . 전문보기: https://www.yna.co.kr/view/AKR20230921166000001. ■ 바이든 ""내주 에이브럼스 전차 인도""…젤렌스키 ""꼭 필요했다"". 조 바이든 미국 대통령이 러시아와의 전쟁에서 미국의 지속적인 지원을 요청하기 위해 9개월 만에 미국을 다시 찾은 볼로디미르 젤렌스키 우크라이나 대통령에게 계속 돕겠다는 입장을 밝혔다. 바이든 대통령과 젤렌스키 대통령은 21일(현지시간) 워싱턴DC 백악관에서 회담하고 우크라이나 군사 지원 문제 등을 논의했다. 두 정상의 백악관 회담은 젤렌스키 대통령의 작년 12월 방문에 이어 9개월여만이다.. 전문보기: https://www.yna.co.kr/view/AKR20230922009351071. ■ 기재차관 ""20대 성수품값 작년보다 6.4% 낮아…추석물가 만전"". 김병환 기획재정부 1차관은 22일 ""20대 추석 성수품 가격이 작년 추석 기간보다 6.4% 낮은 수준으로 유지되고 있다""며 ""당초 목표(-5%)보다도 낮은 수준""이라고 밝혔다. 김 차관은 이날 오전 정부서울청사에서 '비상경제차관회의 겸 범부처 지역투자지원 전담반(TF) 회의'를 열어 ""추석 민생안정대책 이행 상황을 점검한 결과, 현재까지 12만톤의 성수품을 공급해 계획 대비 120% 이행률을 보이고 있다""며 이같이 말했다. 그러면서 ""닭고기 할당관세 잔여 물량 1만톤은 10월 초까지 전량 도입하고, 돼지고기 할당관세 추가물량 1만5천톤도 지금까지 도입된 1천톤에 더해 추석 전 공급을 최대한 확대하겠다""며 ""남은 기간 잔여 공급물량 방출, 할인지원 등을 통해 추석 장바구니 물가안정에 만전을 기하겠다""고 강조했다.. 전문보기: https://www.yna.co.kr/view/AKR20230922028800002. ■ 대법, '임금체불' 목사 벌금형 확정…""교회 전도사도 근로자"". 교회에서 일하는 전도사도 근로기준법상 근로자가 맞는다는 대법원 판결이 나왔다. 22일 법조계에 따르면 대법원 2부(주심 민유숙 대법관)는 근로기준법·근로자퇴직급여보장법 위반 혐의로 기소된 목사 이모(69)씨에게 벌금 500만원을 선고한 원심판결을 지난달 31일 확정했다. 강원 춘천시의 교회 담임목사 이씨는 2012년 10월부터 2018년 6월까지 근무하다 퇴직한 전도사의 임금 7천995만원과 퇴직금 1천758만원을 지급하지 않은 혐의로 기소됐다.. 전문보기: https://www.yna.co.kr/view/AKR20230921167500004. ■ 여가부, 청소년 룸카페 출입·술담배 판매 등 1천800여건 적발. 정부가 여름방학을 맞아 전국 번화가의 청소년 유해환경을 점검한 결과 1천800여건의 청소년 보호법 위반 사례가 적발됐다. 여성가족부는 여름방학 기간인 지난 7월 17일부터 8월 18일까지 5주간 청소년이 많이 찾는 해수욕장, 야영장, 관광지 등에 대해 점검·단속한 결과를 22일 공개했다. 여가부는 지자체, 경찰관서, 민간단체인 청소년유해환경감시단과 함께 청소년 유해업소뿐 아니라 술·담배 등 유해 약물 판매와 유해 표시를 점검했다. . 전문보기: https://www.yna.co.kr/view/AKR20230921167100530. ■ 심야 광양 아파트 지하주차장 불…61명 연기흡입 병원 이송. 22일 오전 1시 38분께 전남 광양시 광양읍에 있는 한 아파트 지하 2층 주차장에서 불이 났다. 불은 거주 세대로 확산하지 않았으나 연기를 흡입한 주민 등 61명이 소방 당국에 의해 병원으로 옮겨졌다. 또 주민 130명이 아파트 인근 체육관으로 대피했다. . 전문보기: https://www.yna.co.kr/view/AKR20230922008251054. ..제보는 카카오톡 okjebo..2023/09/22 10:30 송고.."
"KDI, '사후 규제영향평가' 국제 콘퍼런스…주요국 사례공유",".........박재현 기자.기자 페이지............한국개발연구원.[연합뉴스TV 제공]..... (세종=연합뉴스) 박재현 기자 = 한국개발연구원(KDI)은 22일 코트야드 바이 메리어트 세종에서 '사후 규제영향평가 국제 콘퍼런스'를 개최했다.. 콘퍼런스에는 한국과 영국, 독일의 규제 정책 관련 전문가들이 모여 주요국의 사후 규제영향평가 제도와 사례를 공유하고, 규제 품질개선 방안을 논의했다.. 폴 데이비슨 경제협력개발기구(OECD) 정책분석관은 '사후 규제영향평가 제도 및 방법론' 세션에서 OECD 회원국의 사후 규제영향평가 제도 도입현황과 성과를 소개했다...광고.... 그는 이어 규제개혁 제도 간 유기적인 결합과 피 규제자 의견 수렴 절차 강화 등 운영 방식에 추가적 개선이 필요하다고 제언했다.. '주요국의 사후 규제영향평가 제도' 세션에서는 앤드류 할레트 영국 규제정책위원회 선임 정책분석관과 한스외르그 디체 독일 빌레펠트 응용과학대 교수가 각자 나라의 사후 규제영향평가 제도 운용 상황을 설명했다.. trauma@yna.co.kr..제보는 카카오톡 okjebo..2023/09/22 10:30 송고.."
"""푸근한 명절 되길""…전북교육청, 저소득층 학생에 추석 지원금",".........임채두 기자.기자 페이지............전북교육청 전경.[전북교육청 제공.재판매 및 DB 금지]..... (전주=연합뉴스) 임채두 기자 = 전북도교육청은 추석을 맞아 저소득층 가정의 학생에게 '행복 가족 ON! 따듯한 밥상' 지원금을 지급한다고 22일 밝혔다.. 올해 처음으로 추진하는 이 사업은 복지 사각지대에 있는 저소득층 가정의 학생에게 건강한 성장 기반을 마련해주는 복지 사업이다.. 도교육청은 이달까지 교육 급여 수급이 결정된 1만9천여명에게 지원금 4만원을 지급할 예정이다...광고.... 추석뿐 아니라 설과 생일에도 각각 4만원을 지원하기로 했다.. 학생 1명이 1년간 받게 되는 지원금은 모두 12만원인 셈이다.. 이달에 생일을 맞은 2천여명에게도 추석 전까지 생일 축하금을 지급할 예정이라고 도교육청은 전했다.. 서거석 전북교육감은 ""추석을 맞아 도내 학생 누구도 소외되지 않고, 온 가족이 모여 행복하고 따뜻한 명절을 보낼 수 있기를 바란다""고 말했다.. doo@yna.co.kr..제보는 카카오톡 okjebo..2023/09/22 10:28 송고.."
"순창군, 장류용 고추 생산장려금 총 2억원 지급",".........최영수 기자.기자 페이지............ 순창 재배 마른 고추.[순창군 제공]..... (순창=연합뉴스) 최영수 기자 = '고추장의 고장'인 전북 순창군은 추석 전까지 장류 원료용 고추 재배 농가에 생산장려금을 지급한다고 22일 밝혔다.. 생산장려금은 장류 원료로 쓰는 순창산 고추 재배를 확대하고 농가 경영 안정을 위한 것이다.. 지원 대상은 지역 농경지 1천㎡ 이상에서 고추를 키우는 706 농가(총 141ha)로, ha당 150만원씩 총 2억여원을 지급할 예정이다...광고.... 군은 생산장려금과는 별개로 장류 관련 업체와 농협 수매 농가에 ha당 50만원의 유통장려금을 다음 달 줄 방침이다.. 최영일 군수는 ""긴 장마와 병해충 발생으로 고추 생산량이 감소해 어려움을 겪는 농가에 장려금이 조금이나마 도움이 되기를 바란다""고 말했다.. kan@yna.co.kr..제보는 카카오톡 okjebo..2023/09/22 10:27 송고.."
도심 아파트 인근 주차 차량 화재…신원미상 남성 숨져,".........천정인 기자.기자 페이지............승용차 화재 사고 (PG).[제작 조혜인] 일러스트..... (광주=연합뉴스) 천정인 기자 = 22일 오전 6시 21분께 광주 북구 신용동 한 아파트 뒤편 도로에 주차된 차량에서 불이 났다.. 불을 목격한 행인이 차량 운전석에 남성 1명이 있는 것을 보고 신고했다.. 현장에 출동한 소방 당국이 17분 만에 불을 모두 껐지만 40~50대로 추정되는 이 남성은 이미 숨졌다...광고.... 불 확산 속도가 빨라 해당 차량은 전소됐고, 뒤편에 주차된 다른 차량 1대도 일부 불에 탔다. . 경찰은 화재 현장에서 범죄 혐의점은 발견하지 못했다.. 경찰과 차량 화재와 함께 큰 소리가 났다는 주변 진술 등을 토대로 정확한 화재 원인을 조사 중이다.. iny@yna.co.kr..제보는 카카오톡 okjebo..2023/09/22 10:27 송고.."
"[게시판] KG모빌리티, '평택연탄나눔은행'에 후원금 전달",.........임기창 기자.기자 페이지.............[KG모빌리티 제공. 재판매 및 DB금지]..... ▲ KG모빌리티는 자사 공장 소재지인 경기도 평택시 관내 홀몸노인 등 소외계층을 지원하는 '2023 평택연탄나눔은행' 발대식에 참석해 후원금을 전달하고 연탄 나눔 활동에 참여했다고 22일 밝혔다. KG모빌리티와 노동조합은 전날 열린 발대식에서 공동 조성한 기금으로 평택나눔은행에 후원금을 전달하고 지역에서 직접 연탄 배달을 진행했다. (서울=연합뉴스)..광고......제보는 카카오톡 okjebo..2023/09/22 10:26 송고..
"전남도, 일본서 전복 판촉 행사",".........전승현 기자.기자 페이지............일본에서 전복 판촉 행사.[전남도제공]..... (무안=연합뉴스) 전승현 기자 = 전남도는 수산물 소비 위축 등으로 가격이 하락하는 전복 수출 확대를 위해 최근 일본에서 판촉 행사를 했다고 22일 밝혔다.. 도는 지난 16∼18일 아시아 최초 ASC(양식인증) 전복 수출 기업인 청산바다와 일본 내 최대 수산물 유통기업인 트루월드재팬과 함께 도쿄와 오사카 등 일본 현지 식품마켓 80곳에서 전복을 할인판매하고 기념품을 배포했다.. 판촉 행사에선 연간 300t 정도의 전남산 전복을 수입 유통해온 트루월드재팬이 수입 물량을 500t까지 확대하겠다는 의사도 밝혔다...광고.... 위지연 청산바다 대표는 ""전남 전복 양식 어민들이 선제적으로 ASC 인증을 도입해 적용한 것이 이온그룹 마켓에 입점할 수 있는 계기가 됐다""며 ""ASC 인증 양식 어가를 더욱 확대해 전남산 전복의 수출 경쟁력을 높이겠다""고 말했다.. 신우순 트루월드재팬 대표는 ""일본은 자연산 전복이 대부분이기 때문에 가격도 비싸고 최근에는 식품 안전성에 대한 우려가 크다""며 ""판촉 행사를 통해 가격 경쟁력은 물론 상대적으로 안전성이 높은 전남산 전복 수입을 더욱 확대할 것""이라고 기대했다.. 전남도는 전복 수출 확대를 위해 수출기업과 해외 바이어를 대상으로 연말까지 수출 금액의 10%를 현지 판촉 행사 비용 등으로 지원하는 '전복 수출 확대 해외 판촉 지원사업'을 하고 있다. . shchon@yna.co.kr..제보는 카카오톡 okjebo..2023/09/22 10:25 송고.."
농식품 트렌드가 한눈에…경북농식품산업대전 구미서 개최,".........진병태 기자.기자 페이지.......농식품업체 등 120개사 참여 ........경북농식품산업 대전 포스터.구미시 제공..... (구미=연합뉴스) 진병태 기자 = 올해 경북농식품산업대전이 22일부터 3일간 구미코에서 '세상을 움직이는 힘! 경북농식품'을 주제로 개최된다.. 경상북도에서 주최하고 경상북도 농식품 유통교육 진흥원이 주관하는 이번 행사는 농식품업체, 시군 및 단체 120개사가 참여한다.. 주제 전시관 및 경북 우수 농식품 전시·홍보·판매관과 시군 체험 이벤트, 솜사탕 만들기, 농식품 게임랜드 등의 체험 부스가 운영된다...광고.... 구미시는 농특산물 홍보관과 선산주조의 막걸리, 구미시 로컬푸드 직매장의 햅쌀, 누룽지, 추석 선물세트 2종 등을 판매하는 부스를 운영하며, 룰렛이벤트를 통해 행사장을 찾는 방문객에게 강훈목장의 요거트, 금오산한과의 한과를 경품으로 제공한다.. 김장호 구미시장은 ""가족과 함께 농식품산업의 트렌드를 한눈에 구경하고 맛보는 즐거운 시간을 보내고, 구미뿐 아니라 경북에서 생산되는 농식품에 많은 관심과 애정을 가져주길 바란다""고 말했다.. jbt@yna.co.kr..제보는 카카오톡 okjebo..2023/09/22 10:25 송고.."
제주공항 이용객 '국내선 줄고 국제선 늘고',".........고성식 기자.기자 페이지.......8월까지 전체 이용객 2.2% 감소…1천935만6천여명 .. (제주=연합뉴스) 고성식 기자 = 올해 제주국제공항 이용객 수가 지난해보다 다소 줄어든 것으로 나타났다........제주공항 이용객들.[연합뉴스 자료 사진]..... 22일 제주도에 따르면 1월부터 8월까지 제주공항 누적 이용객은 1천935만6천840명으로, 지난해 같은 기간 1천978만7천926명보다 43만1천86명(2.2%) 감소했다. . 국내선 이용객은 지난해 1천977만1천197명에서 올해 1천868만9천865명으로, 108만1천332명(5.5%) 줄었다. ..광고.... 국제선 이용객은 1만6천729명에서 66만6천975명으로, 65만여명 늘었다. . 1월부터 8월까지 국내선 항공 좌석은 전년보다 182만석 감소했다. 항공사들은 8월 한 달에만 국내선 좌석을 32만석 줄었다. . 이는 해외 여행이 활발해지면서 항공사들이 국내선 항공기를 대거 국제선으로 돌렸기 때문으로 풀이된다.. 항공사별 제주 노선 점유율은 대한항공 17.9%, 제주항공 16.9%, 아시아나 16.7%, 진에어 15.2%, 티웨이 14.4%, 에어부산 9.5%, 기타 9.4% 순으로 나타났다.. koss@yna.co.kr..제보는 카카오톡 okjebo..2023/09/22 10:24 송고.."
"영국 무역특사, 대만 방문…25일 차이잉원 총통 면담",".........정재용 기자.기자 페이지.......경제장관도 만나 무역·투자 관계 강화 논의 예정.. (서울=연합뉴스) 정재용 기자 = 영국의 대만 무역특사인 리처드 포크너 경이 영국과 대만 간 무역 및 투자 강화 방안을 논의하기 위해 대만을 방문했다.. 22일 대만 중앙통신사와 타이완뉴스 등에 따르면 전날 저녁 대만에 도착한 포크너 무역특사는 오는 25일 차이잉원 대만 총통을 면담하고, 왕메이화 대만 경제부장(장관)을 만나 영국-대만 간 경제 및 무역 관계 강화방안에 대해 논의한다........2018년 차이잉원 총통을 만나는 리처드 포크너 경.[타이완뉴스 제공, 재판매 및 DB 금지]..... 포크너 특사는 오는 28일까지 1주일간 예정된 대만 방문 기간 녹색 에너지 기술 분야 협력 방안을 집중적으로 논의할 예정이다...광고.... 그는 대만 방문에 앞서 사실상 대만 주재 영국 대사관 역할을 하는 영국재타이베이판사처에 보낸 메시지를 통해 ""나는 대만을 다시 방문해서 영국-대만 간 파트너십을 심화하는 데 기여하기를 기대한다""면서 ""영국과 대만 간 강한 인적 연결망을 구축하게 돼 기쁘다""고 말했다.. 영국 남작이자 상원의원인 포크너 특사는 2016년 이 직에 임명됐으며 2018년 9월에도 대만을 방문한 바 있다.. 포크너 특사는 또 대만 방문 기간 '영국-대만 강화된 무역 파트너십'(ETP)을 활성화하기 위해 대만 정부와 산업계 인사들을 만난다.. 영국과 대만은 지난 7월 ETP를 출범시키고 에너지, 탄소중립, 디지털 무역 분야에서 협력을 추진하기로 했다.. 영국의 산업계 대표 10명을 이끌고 대만을 방문한 포크너 특사는 이날 열리는 제18차 영국 대만 재생에너지 회의에도 참석한다.. 이어 펑후섬을 방문해 신재생에너지 협력 사례를 점검하고, 올해로 40회를 맞은 영국 쉐브닝 장학제도 혜택을 받은 대만 학자들과 기념행사를 갖고 연설한다.. jjy@yna.co.kr..제보는 카카오톡 okjebo..2023/09/22 10:22 송고.."
"맥 못 추는 미 공모주…기대주 Arm, 장중 공모가 아래 추락",".........김기성 기자.기자 페이지.......전반적 약세에 연준 매파 기조 겹쳐…클라비요, 체면 살려초기 평가 놓고 의견 갈려…""밸류에이션 책정에 문제"" 지적도.........지난 14일 나스닥 입성에 환호하는 Arm 관계자들[게티이미지/AFP 연합뉴스 자료사진. 재판매 및 DB 금지] ..... (서울=연합뉴스) 김기성 기자 = 최근 미국 증시에서 기업공개(IPO)를 하면서 거래를 시작한 주요 주식들이 맥을 못 추고 있다.. 일부에서는 이들 기업에 대한 밸류에이션(평가 가치) 산정에 문제가 있는 것 아니냐는 지적마저 일고 있다.. 21일(현지시간) 미국 나스닥 시장에서 영국 반도체 설계업체 Arm의 주가는 연방준비제도(연준·Fed)의 금리에 대한 매파적(통화긴축 선호) 기조가 영향을 미치면서 장 중 한때 IPO 가격인 51달러 아래로 떨어지기도 했다...광고.... 손정의 회장이 이끄는 소프트뱅크 소유의 Arm은 지난 14일 나스닥에 상장하면서 첫날 25% 상승해 주목받았다. 그러나 그때뿐이었다.. 그 이후로는 5거래일 연속 하락하면서 이날 IPO 가격을 갓 넘긴 52.16달러로 마감했다.. 지난 19일 나스닥에 입성한 식료품 배송업체 인스타카트(모기업 메이플베어 이름으로 거래)도 이날 30.65달러로 마감하면서 공모가 30달러를 겨우 지켜냈다.. 인스타카트는 첫날 장중 40%까지 오르다 12% 이상 상승 마감했으나 다음 날 11% 가까이 하락하며 첫날 상승분을 반납했다.. 이날 한 때 공모가를 밑도는 29.90 달러를 기록하기도 했으나 겨우 공모가를 회복했다.. 지난 7월 19일 35달러로 나스닥 거래를 시작한 뷰티 브랜드 일마키아제의 모기업 오디티 테크는 상장 첫날 35% 이상 오르며 기세를 올렸다. 그러나 상장 후 약 2개월 만인 이날 10% 가까이 하락하면서 27.93 달러를 기록 중이다. . 반면, 마케팅 자동화 플랫폼인 클라비요만이 겨우 체면을 지켰다.. 클라비요는 전날 첫 거래에서 공모가인 30달러보다 9.2% 오른 데 이어 이날도 3% 가까이 올랐다.. 이달 들어 미국 증시는 전반적으로 약세다.. 나스닥 지수는 5.3% 하락했고, S&P 500 지수는 3.3%, 다우존스 산업평균지수는 1.3% 각각 떨어졌다고 월스트리트저널(WSJ)이 전했다. . 이런 약세에다 지난 20일 연준이 기준금리를 동결하면서도 추가 인상 가능성을 열어두는 등 매파적 기조를 지키면서 기술주들을 포함해 주가는 더 추락하고 있다.. 시장에 악재가 이어지지만 IPO 시 특히 기술기업의 밸류에이션 책정에 문제가 있다는 지적도 나오고 있다.. CNBC 방송은 이날 사실상 21개월 동안 동결 상태였다가 최근 재개된 IPO 시장의 초기 결과로는 고무적이지 않다며 이같이 전했다.. CNBC에 따르면 IPO 가격에 매수한 투자자는 바로 매도하면 돈을 벌 수 있지만 나머지 대부분은 손실 상태가 현 모습으로, IPO 시장 상황도 자본력이 충분한 회사에는 그다지 매력적이지 않다.. 2년여 전만 하더라도 밸류에이션은 미래 성장성을 주요 기반으로 했지만, 이제는 지속 가능한 수익성이 중요해졌다.. 인스타카트의 최고경영자(CEO) 피지 시모는 최근 CNBC 인터뷰에서 IPO의 목적이 회사의 가치를 최대로 좋게 해 자금을 모으려는 것이라기보다는 직원들에게 자금의 유동성을 주려는 것이었다고 말했다.. 자본시장과 사모펀드에 초점을 둔 법률회사 데비보이스 앤드 플림턴의 에릭 위에르겐스는 CNBC에 ""사람들이 밸류에이션에 대해 걱정하고 있다""고 말했다.. 그는 투자자들로서는 향후 수개월 동안 해당 기업에 대한 평가를 관찰할 필요가 있고, 기업들도 IPO 목적이 자금 조달이나 직원에 대한 유동성 제공인지, 혹은 사모펀드의 출구전략인지 등을 공개해야 한다고 밝혔다.. 그러나 뉴욕대 스턴 경영대학원의 애스워스 다모다란 교수는 최근 IPO 기업들 주가는 20~25% 하락할 수 있다는 우려가 있었던 만큼 괜찮은 성과라고 평가했다.. 또 IPO 성패에 대한 적절한 평가가 이뤄지려면 시간이 필요하다며 앞으로 2주 후에도 주가가 공모가보다 높게 유지된다면 성공적이라고 할 수 있다고 덧붙였다.. cool21@yna.co.kr..제보는 카카오톡 okjebo..2023/09/22 10:22 송고.."
"창원시, 수도권 접근성 향상될까…철도 중심 교통망 개선 용역",".........김선경 기자.기자 페이지.......창원∼동대구 고속철도·진해신항선 등 추진…트램 최적 노선도 확정 예정........창원시청.[창원시 제공. 재판매 및 DB 금지]..... (창원=연합뉴스) 김선경 기자 = 인구 100만 특례시인 경남 창원에는 2010년부터 경전선 KTX가 운행되고 있다. . 그러나 창원에서 서울까지 3시간 이상이 걸려 접근성이 다소 떨어진다.. 최근에는 창원∼수서 간 SRT를 개통하는 성과도 있었지만, 시민들 불편을 완전히 해소하기에는 역부족이다...광고.... 여기에다 도시 내 창원국가산단과 진해를 연결하는 진해선은 2015년 이후 여객 수송이 중단된 상태다.. 이에 창원시는 창원∼수도권 간 이동시간 단축, 대규모 개발사업과의 유기적 연계를 주목적으로 대대적인 철도망 개선을 추진한다.. 창원시는 창원의 미래 성장동력이 될 창원국가산단 2.0과 진해신항, 가덕도 신공항 건설사업이 추진 중인 가운데 이 사업들로부터 긍정적인 파급효과를 끌어내기 위해서는 철도 중심의 광역교통망이 제대로 구축돼야 한다고 본다.. 창원시는 우선 창원∼동대구 간 고속철도 도입을 추진한다. . 이 경우 수도권과의 이동시간을 현재 3시간에서 2시간대로 단축할 수 있다.. 또 '창원산업선'과 '진해신항선' 건설로 대구국가산단으로부터 창원국가산단 2.0∼진해신항∼가덕도 신공항을 연결하는 철도망을 구축함으로써 철도물류축을 형성하는 방안도 검토한다.. 이밖에 '마산신항선'을 통해 마산항 신항의 경쟁력을 높이고, 부산도시철도 하단∼녹산선을 진해까지 연장하는 '녹산∼진해 광역철도'가 구축되면 진해 동부지역의 인구 유입 및 생활 여건 개선에도 도움이 될 것으로 기대한다.. 창원시는 이런 구상이 철도 분야 최상위 계획인 '제5차 국가철도망 구축계획'(2026∼2035년)에 반영될 수 있도록 '창원시 철도망 기본구상 및 도시철도 사전타당성조사 용역'에 착수한다고 22일 밝혔다.. 창원시는 이번 용역을 통해 지난 5월 국토교통부로부터 승인받은 '경상남도 도시철도망 구축계획'에 반영된 도시철도(트램·노면전차) 3개 노선의 사업 타당성도 검토할 계획이다.. 창원시는 ▲ 마산역∼창원중앙역(15.82㎞) ▲ 창원역∼진해역(19.28㎞) ▲ 월영광장∼진해구청(33.23㎞) 등 3개 노선 중 최적 1개 노선이 도출되는 대로 예비타당성조사를 신청하기로 했다.. 계획이 순조롭게 진행될 경우 2031년 트램 건설사업이 완공될 수 있을 것으로 예상한다.. 이번 용역은 내년 상반기 마무리될 예정이다.. 홍남표 창원시장은 ""철도 중심의 획기적인 교통망 개선을 통해서 창원의 새 발전을 끌어나갈 수 있도록 하겠다""고 말했다.. ksk@yna.co.kr..제보는 카카오톡 okjebo..2023/09/22 10:20 송고.."
[보령소식] 7대 분야 추석 연휴 종합대책 추진,".......보령시청.[연합뉴스 자료사진]..... (보령=연합뉴스) 충남 보령시는 시민·귀성객의 안전하고 편안한 명절 나기를 위해 도로·교통, 보건의료, 환경 등 7대 분야 추석 연휴 종합대책을 추진한다고 22일 밝혔다.. 고향을 찾는 섬 지역 귀성객 편의를 위해 대천 연안여객터미널 주차장을 상시 개방하고 대천역∼터미널∼주요 동 지역 구간에 시내버스 예비 차량 2대를 투입한다.. 연휴 기간 비상 진료 기관과 휴일 지킴이 약국을 운영해 의료 공백을 없애고, 생활 쓰레기는 추석 당일을 제외하고 매일 정상 수거한다...광고......제보는 카카오톡 okjebo..2023/09/22 10:20 송고.."
"포스코퓨처엠, 광양시와 배터리소재 인재육성 업무협약",".........차대운 기자.기자 페이지.......광양시 개설한 교육 받으면 포스코퓨처엠 입사 때 혜택........포스코퓨처엠-광양시 배터리소재 인재육성 업무협약.[포스코퓨처엠 제공. 재판매 및 DB 금지]..... (세종=연합뉴스) 차대운 기자 = 포스코퓨처엠은 21일 전남 광양시청에서 김준형 사장, 정인화 광양시장 등이 참석한 가운데 광양시와 '지역 인재 양성 및 채용을 위한 업무협약'을 체결했다고 밝혔다.. 광양시는 배터리 소재 전문 인력 양성 교육 과정을 개설하고, 포스코퓨처엠은 광양 양극재 공장에서 진행될 현장 교육 운영에 협조한다.. 해당 교육 과정 수료자가 포스코퓨처엠에 입사 지원을 할 때는 우대 혜택을 준다...광고.... 포스코퓨처엠은 또 광양지역 인재 채용 확대를 위해 마이스터고등학교인 한국항만물류고 졸업생들을 마이스터고 전형을 통해 우선 채용하기로 했다.. 포스코퓨처엠은 2022년 11월 9천여억원을 투자해 광양 율촌산단에 연산 9만t 규모의 양극재 공장을 준공했다. 이어 지난 7월 같은 산단 내 연산 5.25만t 규모의 양극재 공장 추가 투자를 결정했다.. 김준형 포스코퓨처엠 사장은 ""글로벌 성장을 지속하는 배터리 소재 사업을 뒷받침할 인재 육성 및 채용은 매우 시급한 과제""라며 ""포스코퓨처엠의 미래 성장을 함께할 우수 인재 양성에 광양시와 협력하겠다""고 밝혔다.. cha@yna.co.kr..제보는 카카오톡 okjebo..2023/09/22 10:20 송고.."
박강수 마포구청장 선거법 위반 벌금 90만원,".........송정은 기자.기자 페이지............박강수 마포구청장.[마포구 제공. 재판매 및 DB 금지]..... (서울=연합뉴스) 송정은 기자 = 서울서부지법 형사합의11부(배성중 부장판사)는 22일 공직선거법 위반 혐의로 기소된 박강수(64) 서울 마포구청장에게 벌금 90만원을 선고했다.. 재판부는 ""민주정치에 토대가 되는 공직선거법에서 금지하는 선거운동을 한 것으로 사안이 무겁다""며 ""선거에 임박해 불법 선거운동을 한 점도 죄질이 좋지 않다""고 밝혔다.. 다만 박 구청장이 선거 운동복을 입거나 후보자임을 알리는 표장을 착용하지 않고 단지 인사를 나눈 점, 범행이 선거 결과에 중대한 영향을 미쳤다고 보기 어려운 점 등을 고려했다고 덧붙였다...광고.... 박 구청장은 지난해 6·1 지방선거를 일주일 앞둔 5월25일 마포구청 내 사무실 등지를 돌며 직원들에게 선거운동을 한 혐의로 불구속 기소됐다.. sje@yna.co.kr..제보는 카카오톡 okjebo..2023/09/22 10:20 송고.."
"웹젠, 하반기 신입사원 공개 채용…두 자릿수 규모",".........김주환 기자.기자 페이지............웹젠 신입사원 공개채용.[웹젠 제공. 재판매 및 DB 금지]..... (서울=연합뉴스) 김주환 기자 = 웹젠[069080]이 올해 하반기 신입사원 공개채용을 진행한다고 22일 밝혔다.. 채용 규모는 두 자릿수로, 웹젠 본사와 웹젠온네트의 게임사업·개발·기술·경영지원 등 24개 직무에서 선발한다.. 서류 접수는 이날부터 다음 달 10일까지 19일간 진행된다...광고.... 서류전형 이후 온라인 테스트와 실무면접·임원면접을 거쳐 합격한 사람은 내년 1월 초 입사한다.. 구체적인 채용 관련 정보는 웹젠 공식 채용 홈페이지에서 확인할 수 있다.. jujuk@yna.co.kr..제보는 카카오톡 okjebo..2023/09/22 10:19 송고.."
"윤재옥, '협상 파트너' 박광온 사퇴에 ""무거운 마음""",".........홍정규 기자.기자 페이지..........안채원 기자.기자 페이지.......""새로운 野 원내지도부 구성되면 민심으로 설득, 협조 구하겠다"".. (서울=연합뉴스) 홍정규 안채원 기자 = 국민의힘 윤재옥 원내대표는 22일 협상 파트너인 더불어민주당 박광온 원내대표의 전격 사퇴에 대해 ""무거운 마음""이라고 말했다.. 윤 원내대표는 이날 원내대책회의를 마치고 기자들과 만나 ""공적으로 협상 파트너이기도 하고, 인간적으로도 서로 많은 교감을 때로는 하기도 한 입장""이라며 이같이 밝혔다.. 윤 원내대표와 박 전 원내대표는 지난 4월 나란히 취임했다. 여야 간 첨예한 입장차 탓에 정국 현안들을 두고 맞섰지만, 사석에서는 격의 없이 지내는 사이로 알려져 있다. 둘 다 온화하고 합리적인 성품을 지닌 것으로 평가받는다...광고.... 윤 원내대표는 ""국회를 운영하다 보면 치열하게 언쟁하기도 하고, 표결이라는 절차를 통해 결론을 내리기도 하는데, 어제 체포동의안 가결과 관련해 민주당 원내지도부가 사퇴했다는 이야기를 듣고 마음이 가볍지 않다""고 아쉬워했다.. 이어 ""우리가 절대적으로 숫자가 부족하기 때문에 어려운 상황에서 협상을 진행해야 하고, 국회를 운영해야 한다""며 ""민주당에 새로운 원내지도부가 구성되면 민심으로 설득하고 협조를 구하겠다""고 덧붙였다.. 윤 원내대표는 다만, 이 대표 체포동의안 가결에 대해선 ""민심을 이길 수 없다. 민심을 반영하는 것이 국회의 책무이고, 의원의 책무이기도 하다. 그런 관점에서 이 문제를 바라봐야 한다""고 거듭 강조했다........회동 결과 설명하는 여야 원내대표.(서울=연합뉴스) 한상균 기자 = 더불어민주당 이재명 대표 체포동의안 표결을 앞둔 21일 국민의힘 윤재옥 원내대표와 민주당 박광온 원내대표가 국회 의장실에서 나오고 있다. 2023.9.21 xyz@yna.co.kr..... zheng@yna.co.kr..제보는 카카오톡 okjebo..2023/09/22 10:17 송고.."
"[게시판] 배우 강석우, 모교 동국대에 1천만원 기부",".........최원정 기자.기자 페이지............동국대 야구부 육성 기금 전달식.윤재웅 동국대 총장(왼쪽)과 배우 강석우 씨(오른쪽). [동국대 제공. 재판매 및 DB 금지]..... ▲ 배우 강석우씨가 22일 모교인 동국대에 야구부 육성 기금 1천만원을 기부했다. 연극영화과 77학번인 강씨는 ""앞으로 야구부가 좋은 성적을 꾸준히 거둘 수 있도록 보탬이 되고 싶다""고 말했다. (서울=연합뉴스)..광고......제보는 카카오톡 okjebo..2023/09/22 10:16 송고.."
부산항 추석연휴에도 정상 운영…상시 근무체계 유지,".......부산신항 터미널.[부산항만공사 제공]..... (부산=연합뉴스) 김상현 기자 = 부산해양수산청은 추석 연휴 기간 항만 물동량 처리 등 항만 이용에 차질이 없도록 27일부터 10월 3일까지 부산항 항만운영 특별대책을 수립, 운영한다고 22일 밝혔다.. 입출항 선박의 이·접안에 차질이 없도록 예선 업체와 도선사가 대기조를 편성해 평소 수준의 서비스를 제공하고, 선박 입출항 신고 등을 위한 항만물류정보시스템(Port-MIS)도 정상 운영한다.. 또 컨테이너 터미널과 일반 부두에서는 항만근로자 교대 휴무 등 상시 근무체계를 유지하기로 했다. 다만 추석 당일에는 이용자의 긴급 요청이 있을 경우에 제한적으로 하역작업을 할 예정이다...광고.... 선박급유업, 급수·화물고정·줄잡이 등 항만용역업, 선용품공급업 등 항만운송 관련 업체도 연휴 기간 대기 상태를 유지하고 서비스를 제공할 예정이다.. joseph@yna.co.kr..제보는 카카오톡 okjebo..2023/09/22 10:15 송고.."
음주운전 걸리자 운전자 바꿔치기 시도…20대 벌금 700만원,".........손현규 기자.기자 페이지............음주운전 단속(CG).[연합뉴스TV 제공. 재판매 및 DB 금지]..... (인천=연합뉴스) 손현규 기자 = 음주운전을 하다가 경찰에 적발되자 친구에게 부탁해 운전자 바꿔치기를 시도한 20대 남성이 벌금형을 선고받았다. . 인천지법 형사1단독 오기두 판사는 도로교통법상 음주측정 거부와 범인도피교사 혐의로 기소된 A(23)씨에게 벌금 700만원을 선고했다고 22일 밝혔다.. 오 판사는 또 범인도피 혐의로 함께 기소된 A씨의 친구 B(23)씨에게는 벌금 500만원을 선고했다...광고.... A씨는 지난해 12월 27일 오전 3시 37분께 인천시 서구 모텔 주차장에서 술을 마신 채 차량을 운전했지만 경찰의 음주측정 요구를 거부한 혐의 등으로 기소됐다.. 그는 신고를 받고 현장에 출동한 경찰관의 음주측정 요구를 3차례 거부한 뒤, 음주운전 사실을 숨기기 위해 B씨에게 휴대전화로 연락해 ""네가 운전했다고 (경찰관에게) 말해 달라""고 부탁했다.. B씨는 A씨가 시킨 대로 ""승용차를 몰고 모텔 주차장에 데려다준 뒤 나는 다시 병원에 갔다""고 허위 진술을 했다.. 오 판사는 ""피고인들의 범행 동기와 수법 등을 보면 죄질이 가볍지 않다""면서도 ""A씨는 초범이고 다시는 범행하지 않겠다고 다짐했다""고 설명했다.. 그러면서 ""B씨도 사기 등 혐의로 징역형을 선고받은 전력이 2차례 있지만 범인도피 교사로는 전과가 없는 점 등을 고려했다""고 양형 이유를 밝혔다. . son@yna.co.kr..제보는 카카오톡 okjebo..2023/09/22 10:14 송고.."
"'시진핑에 쓴소리' 덩샤오핑 장남, 中장애인연합회서 퇴진","..집단지도체제·도광양회 버린 시진핑과 '불화'…시진핑이 사퇴 유도 관측.. (서울=연합뉴스) 인교준 기자 = 중국 개혁개방의 '총설계사'인 덩샤오핑(鄧小平)의 장남 덩푸팡(鄧朴方·79)이 중국장애인연합회(CDPF) 명예 주석 자리에서 물러났다.. 22일 중국 관영통신인 신화사에 따르면 이틀 전 열린 연합회 제8차 전국대표대회에서 덩푸팡이 물러나고 양샤오두가 신임 CDPF 명예 주석으로 선임됐다. .......덩샤오핑의 장남 덩푸팡(왼쪽).[홍콩 사우스차이나모닝포스트 캡처. 재판매 및 DB 금지]..... 1944년 4월생인 덩푸팡은 1962년 베이징대 기술물리학과에 입학했으며, 1968년 문화대혁명 때 홍위병(문화혁명 초기 학생들을 중심으로 조직된 준군사조직)의 협박에 시달리다가 베이징의 한 건물 3층에서 몸을 던진 후 하반신이 마비됐다. ..광고.... 1988년 중국장애인연합회를 창설해 오랜 기간 주석과 명예 주석을 맡아왔다.. 중국 내 전체 장애인을 대표하는 이 연합회는 덩샤오핑이 배경에 있다는 점에서, 중국 최고 지도부도 함부로 하지 못할 정도로 위상이 높았다.. 특히 덩푸팡은 2018년 9월 열린 CDPF 총회에서 시 주석을 겨냥한 쓴소리를 쏟아내 관심을 끈 바 있다.. 그는 당시 ""우리는 사실에 기반을 두고 진실을 추구해야 하며, 냉철한 마음을 지니고 우리의 주제를 알아야 한다""며 ""우리는 거만하게 굴어서도 안 되며, 자신을 비하해서도 안 될 것""이라고 강조했다.. 그러면서 ""국제적인 불확실성이 날로 증가하고 있는 이때 우리는 평화와 발전의 방향을 고수해야 하며, 협력적이고 윈-윈(Win-win)을 추구하는 국제 환경을 조성해야 한다. 현재 가장 중요한 것은 중국 자체 문제에 적절하게 대처하는 것""이라고 역설했다.. 이런 작심 발언은 마오쩌둥(毛澤東)의 독재 폐해를 극복하기 위한 집단지도체제와 ""칼날의 빛을 감추고 어둠 속에서 실력을 기른다""는 도광양회(韜光養晦) 전략으로 미국과 충돌을 피하려 했던 부친의 노선에서 벗어난 시 주석을 겨냥한 것으로 읽혔다. . 2012년 제18차 공산당 전국대표대회(당 대회)를 계기로 당 총서기 겸 당 중앙군사위원회 주석, 국가 주석 자리에 오른 데 이어 2017년 19차 당대회로 2기 집권을 시작한 시진핑이 2018년 3월 개헌을 통해 장기 집권 의지를 드러낸 상황에서 덩푸팡의 이같은 견제 발언이 나왔다.. 당시 시 주석은 '중국몽'(中國夢)을 내세우며 미국과 갈등을 두려워하지 않는 과감하고 적극적인 외교정책으로 도광양회 전략 폐기를 공식화했다.. 그러면서 ""떨쳐 일어나 할 일은 한다""는 '분발유위'(奮發有爲)를 강조했다.. 이로써 중국 내에선 많은 지지를 얻었으나, 중국의 G2(주요 2개국) 부상이라는 미국의 경계심을 불러 미·중 무역전쟁이 본격화했다........시진핑 중국 국가주석.[연합뉴스 자료 사진]..... 주목할 대목은 덩푸팡의 5년 전 이 '쓴소리' 연설이 있기 이틀 전 열린 CDPF 개막식에 시 주석을 포함해 공산당 중앙정치국 상무위원 7명이 모두 참석했으나, 정작 연설 당일에는 모두 자리를 비웠다는 점이다.. 문제의 연설문은 CDPF 홈페이지에도 게재되지 않으며, 연설 내용은 한 달이 훨씬 지나고 나서 홍콩 사우스차이나모닝포스트(SCMP)가 보도했다.. 외교가에선 덩푸팡이 아직 명예 주석직을 수행할 수 있음에도 시 주석이 추후 반기를 들 가능성을 우려해 현직에서 물러나도록 한 것 아니냐는 관측이 나온다.. kjihn@yna.co.kr..제보는 카카오톡 okjebo..2023/09/22 10:13 송고.."
[옥천소식] 청성 경관 사진 최우수 김영수씨,.........박병기 기자.기자 페이지...... (옥천=연합뉴스) 충북 옥천군 청성면민협의회는 제2회 경관 사진 공모전 최우수상(일반부)에 김영수(대구)씨의 '보청천이 휘도는 장도리'를 선정했다고 22일 밝혔다........보청천이 휘도는 장도리.[청성면민협의회 제공. 재판매 및 DB금지]..... 학생부는 김세영(옥천)양의 '청성보와 상춘정'이 뽑혔다.. 이들에게는 각각 50만원과 20만원의 상금이 지급된다...광고.... 청성면민협의회는 지역의 아름다운 풍광을 발굴·홍보하기 위해 지난해부터 경관 사진전을 열고 있다.. 올해는 139점이 접수돼 12점이 우수작품으로 뽑혔다...제보는 카카오톡 okjebo..2023/09/22 10:12 송고..
"美해군, 무인 군함 서태평양 첫 배치…중국군 견제 나서",".........박진형 기자.기자 페이지.......'레인저' 등 58m 길이 USV 2척 日 요코스카 도착…미사일 공격도 가능........美해군, 무인 군함 '레인저' 서태평양 첫 배치.요코스카에 도착한 '레인저' [UPI=연합뉴스]..... (서울=연합뉴스) 박진형 기자 = 미국 해군이 중국 해군에 맞서 무인 군함을 동중국해·남중국해가 속한 서태평양 해역에 처음 배치, 미군의 인공지능(AI) 전력이 중국군을 본격적으로 견제하게 됐다.. 21일(현지시간) 미 일간 월스트리트저널(WSJ)에 따르면 미 해군의 무인수상정(USV) '레인저'와 '마리너'가 서태평양을 관할하는 미 제7함대 본부가 있는 일본 요코스카 해군기지에 이날 도착, 배치됐다.. 이들 USV는 약 58m 길이로 현재는 미사일을 탑재하지 않았지만, 미사일 모듈을 탑재하면 미사일 공격도 가능하다...광고.... 레인저는 2021년 상대방의 미사일 등을 요격하거나 상대 군함을 타격할 수 있는 SM-6 미사일을 시험 발사한 바 있다.. 이날 레인저에 탑승한 제러마이어 데일리 미 해군 중령은 자율적으로 작전을 수행하는 USV가 이보다 덩치가 큰 구축함 여러 대를 대체할 수 있다고 밝혔다.. 그는 ""예를 들어서 구축함 1척과 USV 2척이 구축함 3척을 대체할 수 있다. 이는 전력 승수 효과가 있다""고 강조했다........USV '레인저' 앞에서 연설하는 제러마이어 데일리 미 해군 중령.[UPI=연합뉴스]..... 미 해군이 레인저·마리너를 제7함대에 배치한 것은 날로 전력을 늘리면서 활동 반경을 넓히는 중국 해군을 상대하기 위한 것으로 보인다.. 최근 중국 해군은 전력 증강에 박차를 가한 결과 서태평양 일대에 배치된 군함 숫자에서 미 해군을 앞선 것으로 알려졌다.. 해군의 최정점인 대형 항공모함의 경우 미 제7함대는 1척뿐인 데 비해 중국 해군은 첫 항모 랴오닝함과 2번 항모 산둥함에 이어 작년 3번 항모 푸젠함 진수식을 갖는 등 숨 가쁘게 전력을 강화하고 있다.. 지난 4월에는 산둥함과 20여 척의 군함으로 이뤄진 항모전단이 대만과 괌 사이에서 해상훈련을 실시하는 등 중국 해군은 대만에 대한 압박 수위를 높이고 있다.. 이에 맞서 미 국방부는 중국 등 적대국의 위협에 대한 대응을 이유로 AI를 활용한 자율 무기체계 시스템을 향후 2년 이내에 완성하는 방안을 검토하고 있다고 WSJ이 이달 초 전했다.. 캐슬린 힉스 미 국방부 부장관도 지난달 말 한 행사에서 소모전이 가능한 수천 개의 저비용 AI 무인 자율 무기체계를 도입하겠다는 구상을 밝히면서 ""중국의 최대 장점인 양(mass)을 극복하는 데 도움이 될 것""이라고 설명했다.. 미 해군은 이전부터 USV를 실험해왔다.. 미 해군은 '태스크포스 59' 프로젝트를 통해 이란 해군을 감시하기 위해 사우디아라비아·이스라엘 등과 공조해 감시용 소형 USV를 중동 해역에 배치한 바 있다.. 레인저 등 USV 6척은 2018년 시작된 자율 작전 시스템을 해군에 통합하는 '유령함대 지배자'(Ghost Fleet Overlord) 계획의 일환이다.. 이들 USV는 중동에 배치된 상대적으로 단순한 소형 USV들보다 큰 규모에 정교한 센서를 더 많이 갖추고 있다고 WSJ은 덧붙였다........미 해군 무인 군함 '레인저'.[UPI=연합뉴스]..... jhpark@yna.co.kr...관련기사....美해군 ""무인 고속정 호르무즈 해협 항해…이란군과 충돌 없어"".中관영지 ""산둥함 전단, 5일간 대만 공격·서태평양 진출 훈련"".中, 대만 주변에 군함 20척 보내 해상 무력시위…""역대 최다"".""中 3호 항모 푸젠, 계류상태 테스트 순조…연내 항해 테스트"".....제보는 카카오톡 okjebo..2023/09/22 10:11 송고.."
"충남보건환경연구원 ""추석 성수식품 안전성 검사, 모두 적합""",".........김소연 기자.기자 페이지............추석 성수식품 안전성 검사하는 충남보건환경연구원 관계자.[충남도 제공. 재판매 및 DB 금지]..... (홍성=연합뉴스) 김소연 기자 = 충남도 보건환경연구원은 도내에서 유통되고 있는 추석 성수식품 52건에 대한 안전성 검사 결과 모두 적합한 것으로 나타났다고 22일 밝혔다.. 검사 대상은 떡류·면류·부침가루 등 가공식품 25건, 전·튀김류 16건, 굴비 등 수산물 11건 등 총 52가지다.. 가공식품은 보존료와 감미료 등 식품첨가물 사용 준수 여부, 금속성 이물 혼입 여부 등을 확인했다...광고.... 전·튀김류 조리식품은 황색포도상구균·살모넬라 등 식중독균, 수산물은 중금속 및 동물용의약품 등에 대해 검사한 결과 모두 기준치 이내로 파악됐다.. 김옥 도 보건화경연구원장은 ""민족 대명절인 한가위를 맞아 도민이 안전하고 건강한 추석을 보낼 수 있도록 명절에 많이 소비하는 식품에 대해 선제적으로 검사를 실시했다""고 말했다.. soyun@yna.co.kr..제보는 카카오톡 okjebo..2023/09/22 10:10 송고.."
"전직 연준 고위 관료들 ""미국의 연착륙 가능성 낮아""","..블룸버그 무역통계 ""세계 경기 연착륙 징후 없어""........도널드 콘 전 연준 부의장.브루킹스연구소 홈페이지 캡처..... (서울=연합뉴스) 이봉석 기자 = 전직 연방준비제도(Fed·연준) 고위 관료들이 미국 경제의 연착륙 가능성이 작은 것으로 내다봤다.. 도널드 콘 전 연준 부의장은 21일(현지시간) 정책연구기관인 미국기업연구소 주최 웨비나에서 ""연준이 '완벽한 연착륙'을 달성할 가능성은 작다""고 말했다.. 연준이 전날 금리 결정 후 실업률이 3.8%에서 내년 말 4.1%로 오르고 경제 성장률은 올해 2.1%에서 내년 1.5%로 줄어든다는 경제 전망을 내놓은 것을 염두에 둔 발언이다...광고.... 인플레이션은 올해 4분기 3.3%에서 내년 말 2.5%로 완화한다는 게 연준의 관측이다.. 현 브루킹스연구소 선임연구원인 콘 전 부의장은 ""그들(연준)은 지금까지 위축된 것보다 수요를 조금 더 위축시키고 노동 시장에 약간의 불황을 조성해야 할 것""이라고 덧붙였다.. 그러면서 소프트랜딩(연착륙)보다 덜 부드러운 '소프티시(softish) 랜딩'이 유력하다고 봤다........케빈 워시 전 연준 이사.후버연구소 홈페이지 캡처..... 케빈 워시 전 연준 이사도 같은 행사에서 6주 전보다 연착륙 가능성이 작다고 말했다.. 달러화가 강세를 보이고 에너지 가격이 상승 추세이며, 장기금리가 오르는 등의 요인 때문이다.. 하지만, 기준금리 추가 인상 전망과 관련해서는 두 전직 고위 관료가 다른 의견을 냈다.. 콘 전 부의장은 연준이 금리를 좀 더 올려야 할 것 같다고 말했지만, 워시 전 의장은 ""추가 인상이 필요하다고 생각하지 않는다""면서 금리가 최고점에 도달했을 가능성이 크다고 분석했다.. 블룸버그의 무역 통계(trade tracker)에 따르면 세계 경기의 연착륙 징후도 없는 것으로 분석됐다. . 8월 중순 기준 10가지 지표 가운데 6개가 정상 범위 이하로 나타난 것이다.. 지표 가운데 정상화하는 로스앤젤레스 항만 물동량은 큰 폭으로 하락한 한국의 수출 물량에 상쇄됐다. . 독일과 중국 같은 주요 경제국의 심리는 더 암울해졌다.. 블룸버그는 ""인플레이션과 실업률 진정 같은 청신호가 미국에 나타나고 있음에도 세계 공장들은 수요가 이미 있게 회복되기까지 시간이 걸릴 것이라고 예상하며 여전히 제조업 활동에 제동을 걸고 있다""고 진단했다.. anfour@yna.co.kr..제보는 카카오톡 okjebo..2023/09/22 10:09 송고.."
"aT ""차례상 비용 30만4천원…전통시장이 대형마트보다 저렴""",".........신선미 기자.기자 페이지............전통시장.[한국농수산식품유통공사 제공. 재판매 및 DB금지]..... (서울=연합뉴스) 신선미 기자 = 올해 추석 차례상 준비 비용은 평균 30만4천434원으로 조사됐다.. 지난해 추석 상차림 비용보다 4.0% 적은 수준이다.. 한국농수산식품유통공사(aT)는 지난 20일 전국 16개 전통시장과 34개 대형유통업체를 대상으로 추석 성수품 28개 품목의 가격 조사 결과를 22일 발표했다...광고.... 전통시장에서 장을 보면 26만6천652원, 대형유통업체에서 구매하면 34만2천215원으로 전통시장에서 준비하는 비용이 22.1% 저렴한 것으로 나타났다.. 품목별로는 작황 부진으로 공급량이 감소한 사과, 배 등 햇과일 가격이 작년보다 높고, 어획량 감소에 따라 참조기 가격이 올랐다.. 그러나 소고기의 경우 공급량 증가로 가격이 작년보다 낮았다.. 품목 수를 18개로 줄인 간소화 차례상을 차리는 데 필요한 비용은 평균 12만2천476원으로 집계됐다.. 간소화 차례상을 전통시장에서 준비할 때 드는 비용은 10만9천811원으로, 대형유통업체 이용 비용(13만5천141원)보다 적었다. . sun@yna.co.kr..제보는 카카오톡 okjebo..2023/09/22 10:09 송고.."
"농사 다 끝나고 주던 강원 농어업수당, 내년부터 농번기에 준다",".........박영서 기자.기자 페이지.......강정호 도의원, 문제 지적…7∼9월→4∼6월로 지급 시기 앞당겨........강정호(속초1) 강원특별자치도의원.[강원특별자치도의회 제공. 재판매 및 DB 금지]..... (춘천=연합뉴스) 박영서 기자 = 농사가 다 끝나고 지급되어온 강원도 농어업인 수당의 지급 시기가 내년부터 농번기로 당겨진다.. 22일 강원특별자치도의회 강정호(속초1) 의원에 따르면 도는 2021년부터 2년 이상 주소를 두고 농어업 경영체를 등록·유지 중인 농어업인을 대상으로 농어업인 수당 70만원을 지급하고 있다.. 수당은 올해까지 그해 3∼4월께 신청받아 6월까지 소득자료 검증 등을 거쳐 7∼9월 지급됐다...광고.... 강 의원은 농민단체와의 간담회를 통해 수당이 농번기에 지급돼야 농자재 구매 시기와 맞물려 농가 경비 절감에 도움이 된다는 점을 파악하고, 도에 수당 지급 시기를 앞당겨달라고 주문했다.. 이에 도는 내년부터 농어업인 수당 신청을 1∼2월께 받아 3월 중 검증 절차를 거쳐 상반기에 지급하기로 했다.. 강 의원은 ""농자재 구매 시기와 수당 지급 시기가 달라 민원이 많았던 게 사실""이라며 ""지급 시기를 조정함으로써 농가 경비 절감에 도움이 되기를 바란다""고 말했다.. conanys@yna.co.kr...관련기사....속초항연안여객터미널 민간사업허가 승인 취소…원상회복 명령.....제보는 카카오톡 okjebo..2023/09/22 10:08 송고.."
"파주시 ""추석 황금연휴에 파주로 놀러 오세요""",".........노승혁 기자.기자 페이지...... (파주=연합뉴스) 노승혁 기자 = 경기 파주시는 추석 연휴인 28일부터 다음 달 3일까지 주요 관광지와 시설을 대부분 정상 운영한다고 22일 밝혔다........파주 임진각 평화 곤돌라 와이어 로프.[파주시 제공. 재판매 및 DB 금지]..... 임진각 관광지 내 평화 곤돌라와 디엠지(DMZ) 생생누리, 독개다리, 평화누리 캠핑장 등은 추석 연휴에 모두 운영된다. . 임진각 평화 곤돌라는 28일부터 다음 달 3일까지 80세 이상 무료 탑승 행사를 진행한다...광고.... 황희·이이 선생 유적지와 파주 장릉·삼릉도 모두 정상 운영하며 연휴 기간 관광객들은 파주 장릉·삼릉을 무료로 입장할 수 있다. . 오두산통일전망대는 추석(29일) 당일 관람료가 무료다.. 율곡수목원 역시 휴무 없이 운영한다. 율곡수목원은 임진강의 풍경이 한눈에 내려다보이는 전망대, 아이들 놀이터도 있어 온 가족이 즐겁게 보낼 수 있다. . 애완동물은 입장이 제한되며 캠핑 의자는 설치할 수 없다. 돗자리와 간단한 도시락은 지참할 수 있다.. 헤이리 예술마을에서는 23일부터 다음 달 1일 '헤이리 국제음악제'가 열린다.. 클래식기타 연주회와 바이올린 연주회, 헤이리챔버오케스트라 음악회 등이 준비돼 있다. . 예매 등 자세한 사항은 헤이리 예술마을 누리집(www.heyri.net)에서 확인할 수 있다.. 국립민속박물관 파주관은 추석 당일만 휴관하며, 28일, 30일, 10월 1일 3일간 수장고의 특색을 반영한 추석 관련 즐길 거리를 선보인다. . '추석, 풍요롭게 모아보기' 체험을 통해 수장고에서 추석 관련 소장품을 관람하고 제시된 안내에 따라 그림으로도 표현해 볼 수 있다. . 휴무일은 비무장지대(DMZ) 평화관광(제3땅굴-도라전망대)은 28∼29일과 10월 2∼3일, 공릉관광지(공릉 캠핑장, 하니랜드)는 29일, 문화관광해설사 및 파주시티투어는 28∼30일이다. . nsh@yna.co.kr..제보는 카카오톡 okjebo..2023/09/22 10:07 송고.."
"HUG, 부산지역 4개 기관과 'BIFC 공공기관 통합협의체' 출범",".........권혜진 기자.기자 페이지.......기관별 우수성과 공유 등 협력 강화 추진........주택도시보증공사.[HUG 주택도시보증공사 홈페이지 캡처, 재판매 및 DB 금지]..... (서울=연합뉴스) 권혜진 기자 = 주택도시보증공사(HUG)는 기술보증기금, 한국남부발전, 한국자산관리공사, 한국주택금융공사 등 부산 문현금융단지 내 공공기관 4곳과 'BIFC 공공기관 통합협의체'를 출범했다고 22일 밝혔다.. BIFC는 기술보증기금을 제외한 나머지 기관이 입주한 부산국제금융센터의 영어 약자다.. 통합협의체는 정부의 '민간 혁신·성장 지원을 위한 공공기관 협력 강화' 정책을 효율적으로 지원하자는 취지로 출범했다...광고.... 참여 기관들은 2년마다 돌아가며 주관 운영을 맡아 혁신, 공정 채용, 규제개선, 기록물, 데이터, 동반성장 등 6개 분야에서 기관별 우수성과를 공유하고 협력 과제를 발굴할 예정이다.. 특히 기존의 공공기관 협의체가 주로 업무 단위별로 결성돼 분절적으로 운영되고 주기적인 소통이 어려운 한계점이 있었다는 인식에 따라 '통합협의체-다수 분과제' 형식으로 운영방식을 개선하기로 했다.. 또 구심점 역할을 수행하는 분과를 별도 지정함으로써 민간 성장 지원을 위한 상호 소통·협력을 강화하기로 했다.. HUG 관계자는 ""통합협의체 구축을 통해 다양한 분야에서 기관 간 협력을 끌어낼 수 있는 추진동력이 마련됐다""며 ""적극적인 소통·협력을 통해 실효성 있는 성과를 창출할 수 있도록 노력하겠다""고 밝혔다.. lucid@yna.co.kr..제보는 카카오톡 okjebo..2023/09/22 10:07 송고.."
"與, '허위인터뷰 인용' MBC PD수첩 제작진·TBS 신장식 고발키로",".........김연정 기자.기자 페이지.......""허위 인터뷰를 사실처럼 전제하고 그대로 방송해 尹 명예 훼손"".. (서울=연합뉴스) 김연정 기자 = 국민의힘은 22일 '대장동 허위인터뷰 의혹'과 관련, MBC 'PD수첩' 제작진과 TBS라디오 '신장식의 신장개업' 진행자였던 신장식 씨 등을 명예훼손 등 혐의로 경찰에 고발할 예정이라고 밝혔다.. 당 미디어정책조정특위·가짜뉴스괴담방지특위·미디어법률단은 보도자료를 통해 ""공영방송 시사 프로그램을 제작·진행하면서 김만배, 신학림의 허위 인터뷰 내용을 마치 사실인 것처럼 전제하고 허위 사실을 그대로 방송해 당 소속 대선후보의 명예를 크게 훼손했다""며 이같이 밝혔다.. 'PD수첩'과 관련해선 ""대선 바로 전날 대장동 사건의 몸통을 오도하는 내용의 가짜뉴스를 사실 확인을 제대로 하지 않고 퍼뜨렸다. 가짜뉴스 대선 공작의 전형""이라고 지적했다...광고.... 이들은 또 '신장식의 신장개업'에 대해 ""작년 2월22일 전날 보도된 JTBC '윤석열 수사 무마 의혹' 보도를 상세히 소개했다""""며 ""진행자 신장식 씨는 '윤석열 후보가 커피 한 잔 직접 타 줬다는 것 아니에요?', '중수2과장이 커피를 타 준다? 저는 처음 보는 장면이다. 그것도 피의자한테'라며 적극적으로 허위 사실을 인용해 유포했다""고 했다.. 그러면서 ""신씨는 2022년 3월7일 같은 프로그램에서 전날 뉴스타파의 '김만배-신학림 녹취록' 공개에 대해 상세히 소개하면서 가짜 인터뷰를 확대 재생산했다""고 덧붙였다........가짜뉴스 근절 공청회.(서울=연합뉴스) 한상균 기자 = 이동관 방송통신위원장이 19일 국회에서 열린 가짜뉴스 근절 입법청원 긴급공청회에서 참석자들과 기념촬영을 하고 있다. 오른쪽부터 국민의힘 대선 공작 게이트 진상조사단 유의동 단장, 조수진 의원, 이동관 위원장, 박성중 의원, 정우택 국회부의장, 박대출 정책위의장. 2023.9.19 xyz@yna.co.kr..... yjkim84@yna.co.kr..제보는 카카오톡 okjebo..2023/09/22 10:06 송고.."
서대문구 횡단보도 중앙에 시각장애인 위한 올록볼록 요철,".........김준태 기자.기자 페이지............서대문구 횡단보도 중앙에 시각장애인 위한 요철.[서대문구 제공. 재판매 및 DB 금지]..... (서울=연합뉴스) 김준태 기자 = 서울 서대문구(구청장 이성헌)는 시각장애인의 보행 안전 증진을 위해 횡단보도 중앙에 요철을 만드는 서대문형 횡단보도 개선 시범사업을 펼친다고 22일 밝혔다.. 대상은 관할 지역 내 간선도로인 거북골로·모래내로·세검정로 등 횡단보도 40곳이다.. 기존 횡단보도에는 음향신호기가 있지만 일반 보행로처럼 점자블록 같은 유도장치가 없어 시각장애인이 횡단보도를 따라 건너는 게 쉽지 않았다...광고.... 이에 구는 횡단보도 중앙부의 도로 표면에 홈을 파 시각장애인이 지팡이로 이곳을 짚으며 도로를 건널 수 있도록 했다. 점자블록처럼 볼록한 물체를 설치한 것이 아니라서 차량 통행에 불편을 초래하지는 않는다.. 구는 시각장애인 관련 단체의 의견을 들으면서 이 사업을 확대할 계획이다.. 이성헌 서대문구청장은 ""교통약자의 시선으로 시설물을 관찰하면서 누구에게나 차별 없는 안전한 서대문 보행환경을 조성하는 데 더욱 힘쓰겠다""고 말했다.. readiness@yna.co.kr..제보는 카카오톡 okjebo..2023/09/22 10:06 송고.."
부산 온천천 실종자 사흘째 수색…소방헬기 투입,".......부산 온천천 실종자 수색 자료사진.[부산소방재난본부 제공. 재판매 및 DB 금지]..... (부산=연합뉴스) 김재홍 기자 = 부산 도심하천인 온천천에서 불어난 물에 휩쓸려 실종된 50대 여성을 찾으려는 수색작업이 사흘째 계속되고 있다. . 부산소방재난본부는 22일 최초 실종 장소인 부산도시철도 1호선 온천장역 인근에서부터 온천천 하류가 연결되는 수영강 입구까지 5.3㎞ 구간에 147명을 투입해 수색작업을 진행 중이라고 밝혔다. . 수색 작업은 모두 4개 구간으로 나눠 진행되며 소방헬기 등 장비 12대도 투입된다. ..광고.... 소방 관계자는 ""전날과 같은 방식으로 수색을 진행할 예정""이라고 말했다. . 지난 20일 오후 6시 1분께 온천장역 하부 온천천에서 교각에 매달린 50대 여성이 거센 물살을 이기지 못하고 실종됐다.. 119 소방대원이 도착해 구조 준비를 하는 과정에서 발생한 안타까운 사고였다.. 사고 당일 온천장역 부근 수위는 오후 5시 16분 0.48ｍ였으나 39분 뒤 사고 추정 시각인 오후 5시 55분엔 1.61ｍ로 3배 이상 급격히 치솟았다.. pitbull@yna.co.kr...관련기사....올해만 3차례 하천 고립사고…부산시, 뒤늦게 비상대피시설 확충.부산 온천천 단시간 쏟아진 42㎜ 비에 수위는 4배 상승.평소엔 산책로, 비 오면 급류…도심하천의 두 얼굴.""살려주세요"" 부산 온천천 실종자…구조직전 물살에 휩쓸려(종합).....제보는 카카오톡 okjebo..2023/09/22 10:06 송고.."
"완도 해조류 사업장, 해외 방문자 발길 이어져",".........조근영 기자.기자 페이지.......세계은행 관계자 등 친환경 양식장·가공 시설 찾아........완도 찾은 국제 양식 컨설팅 관계자들 .[완도군 제공·재판매 및 DB 금지]..... (완도=연합뉴스) 조근영 기자 = 전남 완도군은 세계은행(월드뱅크 그룹), 양식 관련 국제사업 컨설팅 기관(Hatch innovation), 수산양식관리협의회 한국사무소(ASC Korea) 등 관계자들이 해조류 양식장 및 가공 시설을 방문했다고 22일 밝혔다.. 해조류 양식산업 현장 확인 및 기술 이전을 위한 것으로 이후 협의체 구성 등을 통해 글로벌 플랫폼을 개발하고자 마련됐다.. 완도군은 전국 최대 해조류 생산지로 다시마, 톳, 매생이는 전국 생산량의 50% 이상을 차지하고 있다...광고.... 지난해 다시마는 14만t, 톳 5천500t, 매생이 2천300t을 생산했다.. 특히 다시마와 톳은 친환경 수산물 국제 인증인 ASC를 국내 최초로 획득했다.. 미국 항공우주국(NASA)에서는 완도 해조류 양식장의 인공위성 사진을 공개하며, 완도가 해조류 양식에 최적지이며 친환경적이라고 언급해 화제가 된 바 있다.. 신우철 군수는 ""친환경적으로 생산되는 완도산 해조류는 맛과 영양이 우수할 뿐만 아니라 기능성 물질도 함유하고 있어 산업적 가치가 높다""고 말했다.. 지난 4월에는 세계자연기금(WWF)과 영국, 미국, 캐나다의 해조류 관련 종사자들이 완도군 해조류 양식장과 가공 시설을 찾는 등 세계 곳곳에서 완도산 해조류에 대해 관심을 쏟고 있다.. chogy@yna.co.kr..제보는 카카오톡 okjebo..2023/09/22 10:05 송고.."
"""무분별한 현수막 설치 막자""…세종시·정당, 개선 추진",".........이은파 기자.기자 페이지............난립한 도로변 현수막.[연합뉴스 자료사진]..... (세종=연합뉴스) 이은파 기자 = 세종시가 도로변에 난립한 정당 현수막 문제 해결을 위해 나선다.. 시는 시민에 대한 쾌적한 생활환경 제공과 안전한 도시환경 조성을 위해 지역 정당과 함께 정당 현수막 개선 방안을 찾고 있다고 22일 밝혔다.. 정당 등이 도로변에 무분별하게 설치한 현수막으로 도시경관 저해는 물론 운전자와 보행자의 시선을 가로막아 안전사고 우려를 낳고 있다는 지적에 따른 것이다...광고.... 이와 관련해 시는 최근 지역 정당 관계자를 초청해 '정당 현수막 개선 간담회'를 열고 생활 환경 개선을 위한 협력 방안을 논의했다.. 이 자리에서 시는 정당 현수막으로 몸살을 앓는 전국 상황을 공유하고 정당 현수막 가이드라인 위반 사례와 정당 현수막 설치 위치, 수량 제한 필요성 등을 설명했다.. 정당 관계자들도 정당 현수막 수량 제한 등에 긍정적인 의견을 나타내면서 정당 현수막을 빙자한 불법 현수막 정비와 옥외광고업자 등을 대상으로 한 현수막 표준 규격 교육 등을 요청했다.. 이두희 건설교통국장은 ""이번 간담회에서 제시된 내용을 적극 검토해 정당 활동의 자유를 보장하면서도 쾌적한 생활 여건을 조성하겠다""며 ""쾌적한 생활환경과 안전한 도시환경을 위해 정당 관계자 등과 지속 협의하겠다""고 말했다.. sw21@yna.co.kr..제보는 카카오톡 okjebo..2023/09/22 10:04 송고.."
"은행연합회 제작 금융 피해 예방 콘텐츠, 카카오서 본다",".........홍국기 기자.기자 페이지............MOU 체결 후 기념사진 찍는 카카오 홍은택 대표(오른쪽)와 김광수 은행연합회장.[카카오 제공] ..... (서울=연합뉴스) 홍국기 기자 = 카카오[035720]는 전국은행연합회와 금융소비자 권익을 훼손하는 범죄 행위 예방을 위한 업무협약(MOU)을 체결했다고 22일 밝혔다.. 협약에 따라 은행연합회는 금융 소비자 피해 예방 콘텐츠 제작을 통해 금융 범죄 사례와 피해 대응에 대한 인식 증진에 나선다.. 카카오는 카카오톡 등 모바일 플랫폼을 활용해 이용자가 관련 정보를 쉽고 편리하게 확인할 수 있는 접점을 제공할 예정이다...광고.... 한편 카카오는 금융 소비자 권익 침해 행위에 신속하고 통합적으로 대응하기 위해 올해 1월부터 매달 한 차례 금융 자회사인 카카오뱅크, 카카오페이 등과 함께 정례 회의를 개최하고 있다고 소개했다. 카카오는 이를 통해 최신 금융 범죄 관련 정보를 공유하면서 공동 대응이 필요할 경우 합동 대응 조치를 취하고 있다고 덧붙였다.. redflag@yna.co.kr..제보는 카카오톡 okjebo..2023/09/22 10:03 송고.."
[파주소식] 추석 연휴에 병의원·약국 200곳 운영,".........노승혁 기자.기자 페이지...... (파주=연합뉴스) 경기 파주시는 추석 연휴인 오는 28일부터 다음 달 3일까지 시민의 진료 공백과 의약품 구입 불편을 해소하기 위해 비상 진료체계를 운영한다고 22일 밝혔다........파주시청.[연합뉴스 자료사진]..... 파주시 보건소는 진료 의사와 행정 인력으로 구성한 비상 진료 상황실을 운영해 일반환자 진료와 대량환자 발생 때 신속한 대응이 가능하도록 경기도, 보건복지부 등과 비상 연락 체계를 유지할 계획이다. . 지역 내 응급의료기관인 경기도의료원 파주병원, 메디인병원, 문산중앙병원, 무척조은병원 4개 의료기관은 24시간 응급실 운영으로 비상 진료체계를 유지하고 달빛어린이병원인 코키아병원(9월 29∼30일 휴무) 등 지역 내 병의원 91곳과 약국 109곳도 연휴 기간에 문을 연다...광고......제보는 카카오톡 okjebo..2023/09/22 10:03 송고.."
"GIST, 독일항공우주연구소와 협력 강화…기밀유지협약 갱신",".........김재선 기자.기자 페이지.......이재영·프리드리히 교수, 배터리 기술 등 10년째 공동 연구 ........한(GIST)-독(DLR) 국제공동연구 워크숍 (독일 슈투트가르트).[광주과학기술원 제공·재판매 및 DB 금지]..... (광주=연합뉴스) 김재선 기자 = 광주과학기술원(GIST)은 독일항공우주연구소(DLR)와 2013년 체결했던 기밀유지협약(Non-Disclosure Agreement, NDA)을 최근 갱신했다고 22일 밝혔다.. 두 기관은 '미래형 고출력 리튬 배터리개발'의 핵심 연구기술을 내부적으로 공개·교류하기로 한 기밀유지협약을 시작으로, '차세대 가볍고 오래가는 리튬-황 배터리 연구'와 함께 '그린수소 수전해 생산'을 연구 범위에 포함하는 업무협약(MoU)도 2021년 12월 체결했다.. 두 기관의 협력 관계는 GIST 지구환경공학부 이재영 교수(화학에너지 저장 및 변환공정 미래연구센터장)가 DLR 산하 엔니지어링열역학연구소 안드레아스 프리드리히(K. Andreas Friedrich) 교수와 지난 10년에 걸쳐 꾸준히 수행해 온 공동연구를 기반으로 한다...광고.... 이재영 교수는 ""기밀유지협약을 통해 한국 및 독일 특허를 공동으로 6건 출원했고, 한·독 연구원들이 지속해 상호 방문함으로써 핵심 기술을 공유할 수 있었던 것이 협력의 주요한 성과라고 할 수 있다""고 설명했다.. 항공·우주, 에너지, 국방 분야에서 탁월한 성과를 선보이고 있는 DLR은 막스플랑크연구소(기초연구), 프라운호버연구소(응용연구)와 함께 독일의 3대 전문 연구기관으로 꼽힌다.. 한·독 국제공동연구팀은 2009년 GIST 내 '노벨 에르틀 탄소비움연구센터(Ertl Center)' 개소식 이후, 2010년부터 2년마다 한국과 독일을 번갈아 오가며 '에르틀 국제심포지엄(국제전기화학회 후원)'을 공동 개최하고 있다.. 이 교수는 ""대등한 연구협력 관계에서 지속적이고 확실한 상생 전략으로 산업적, 학문적 파장이 큰 국제 공동연구 허브를 구축할 예정""이라며 ""한국독일동문네트워크를 기반으로 독일과의 과학기술 협력을 확대하겠다""고 말했다.. kjsun@yna.co.kr..제보는 카카오톡 okjebo..2023/09/22 10:02 송고.."
'사진의 힘'을 다시 생각한다…제9회 대구사진비엔날레 개최,".........류성무 기자.기자 페이지...... (대구=연합뉴스) 류성무 기자 = 제9회 대구사진비엔날레가 22일부터 11월 5일까지 대구문화예술회관 등에서 개최된다.. '다시 사진으로, 사진의 영원한 힘'이라는 주제로 열리는 이번 행사에는 국내외 60여명의 사진작가가 참여했다.. '시간을 기록하는 힘' 등 10개 소주제별로 다양한 사진을 선보인다...광고..........행사 포스터 .[대구문화예술회관 홈페이지 캡처. 재판매 및 DB 금지]..... 이번 사진비엔날레는 첨단 디지털 기술과 뉴미디어의 등장 속에서도 사진 매체의 위력이 유지되고 있다는 점을 강조하고 있다.. 대구사진비엔날레 박상우 예술총감독은 ""이번 행사는 회화, 언어 등 다른 매체가 결코 흉내 낼 수 없는 오직 사진만이 표현할 수 있는 사진적인 사진을 다룬다""면서 ""사진의 원초적인 힘과 에너지를 느끼는 시간이 될 것""이라고 밝혔다.. 올해 대구사진비엔날레에선 영아티스트 사진전, 프린지 포토 페스티벌, 장롱 속 사진전 등 전문가와 시민이 함께 참여하는 다양한 프로그램도 마련된다.. tjdan@yna.co.kr..제보는 카카오톡 okjebo..2023/09/22 10:02 송고.."
동해 논골담길에 볼거리 추가…'천상의 화원' 조성,".........유형재 기자.기자 페이지.......2026년까지 23억원 투입…새로운 관광자원 다변화........논골담길에 천상의 화원 조성.[동해시 제공. 재판매 및 DB 금지]..... (동해=연합뉴스) 유형재 기자 = 강원 동해시가 벽화로 유명한 논골담길 일원에 천상의 화원을 2026년까지 조성하는 사업에 박차를 가하고 있다.. 22일 시에 따르면 논골담길이 있는 묵호지역은 공동화 현상으로 인구가 지속해감소하고 있으나 주변에 묵호등대와 도째비골 스카이밸리, 묵호항 등의 관광자원과 인접해 도시재생사업이 활발히 추진되고, KTX 노선으로 접근성이 개선돼 성장 잠재력이 높은 곳이다.. 시는 논골담길 일원 유휴부지를 활용해 새로운 관광 콘텐츠를 가미한 새로운 볼거리를 제공하는 등 관광자원 다변화를 통한 체류형 관광객 유치를 추진하고 있다...광고.... 우선 23억원을 투입해 도째비골 및 논골담길 일원에 2026년까지 3단계로 나눠 천상의 화원 조성사업을 진행하고 있다........논골담길에 천상의 화원 조성.[동해시 제공. 재판매 및 DB 금지]..... 이곳에는 조형물과 골목길 꽃 식재를 비롯한 친환경 쉼터 조성, 골목길 미끄럼방지, 벽화마을 주택 조명과 조화를 이루는 조명시설을 설치한다.. 현재 도째비골 비탈면 계단에 무지개색을 입혔으며, 도째비골 스카이밸리에는 도깨비 조형물 및 넝쿨 옹벽 설치, 꽃, 나무 식재와 야간경관 조명으로 관광객을 유인하는 이색 분위기를 연출했다.. 시는 이달부터 2026년 12월까지 단계별로 조경식재, 주요 도로 가로등 및 골목길 경관조명, 빛나는 나무 조형물, 증강현실 벽화, 골목별 테마 색상 부여 등을 추진해 사업을 마무리한다는 방침이다.. 이인섭 관광개발과장은 ""논골담길 천상의 화원 조성은 해랑전망대, 도째비골 스카이밸리 등 인근의 묵호권역 관광지와 연계, 더 많은 관광객을 유입하는데 마중물 역할을 할 것""이라고 말했다........벽화가 있는 묵호 논골담길.[연합뉴스 자료사진]..... yoo21@yna.co.kr...관련기사....'높은 파도·낮은 수심' 동해시 대진해변 서핑 성지 '부상'.동해 도째비골 스카이밸리 2년 만에 100만명 돌파…명소 부각.""한여름밤 도깨비 만나볼까"" 동해 도째비 페스타 21일 개막.100만명 돌파 앞둔 동해 명소…도째비골 스카이밸리 야간 개장.""정겨움 가득한 곳"" 동해시, 논골담길 벽화 새로 단장한다.....제보는 카카오톡 okjebo..2023/09/22 10:02 송고.."
이재명 이르면 26일 구속여부 결정…기일 연기 가능성도(종합),".........이대희 기자.기자 페이지.......'23일째 단식' 건강 상태 변수…유창훈 부장판사 심리........발언하는 이재명 대표.(수원=연합뉴스) 홍기원 기자 = 더불어민주당 이재명 대표가 12일 오후 경기도 수원시 영통구 수원지방검찰청에서 '쌍방울 그룹 대북 송금' 의혹 관련 조사를 마친 후 나와 발언하고 있다. 2023.9.12 xanadu@yna.co.kr..... (서울=연합뉴스) 이대희 기자 = '백현동 개발사업 특혜 의혹'과 '쌍방울그룹 대북송금 의혹'을 받는 더불어민주당 이재명 대표의 구속 여부가 이르면 26일 결정된다.. 서울중앙지법은 22일 이 대표의 구속 전 피의자 심문(영장심사) 기일을 26일 오전 10시로 지정했다. 유창훈(50·사법연수원 29기) 영장전담 부장판사가 심리한다.. 영장심사가 예정대로 진행되면 이 대표의 구속 여부는 26일 밤이나 27일 새벽 결정될 가능성이 높다...광고.... 하지만 이 대표가 23일째 단식을 이어가며 병상에 누워 있는 상태라 출석할 수 있을지는 장담할 수 없는 상황이다.. 만약 이 대표가 출석할 의지가 있으나 건강 상태를 이유로 기일 연기를 요청하면 법원이 검찰 측 의견까지 확인한 뒤 심문을 미룰 가능성도 있다.. 원칙적으로 영장심사에는 피의자 본인이 출석해야 하기 때문이다.. 영장심사는 아니지만 이미 이 대표의 요청으로 재판이 미뤄진 사례도 있다.. 서울중앙지법 형사합의33부(김동현 부장판사)는 애초 이달 15일 대장동·위례신도시 특혜 의혹 첫 재판 열 예정이었으나 이 대표 측의 요청으로 내달 6일로 연기했다.. 같은 법원 형사합의34부 심리로 이날 열릴 예정이었던 공직선거법 위반 재판 역시 이 대표 측의 요청을 받아들여 내달 16일로 미뤄졌다.. 그러나 이 대표가 출석을 포기한다면 전례를 고려했을 때 변호인만 참여해 심문이 진행될 수도 있고, 서면 심사만 진행될 가능성도 있다.. 심문이 마무리되면 영장전담 판사는 기록을 검토해 구속 필요성이 있는지를 심리한다.. 형사소송법은 피의자가 죄를 범했다고 의심할 만한 상당한(타당한) 이유가 있고 ▲ 일정한 주거가 없는 때 ▲ 증거를 인멸할 염려가 있는 때 ▲ 도망하거나 도망할 염려가 있을 때 중에 하나라도 해당한다면 구속할 수 있다고 규정한다.. 이 대표는 백현동 민간 사업자에게 특혜를 몰아줘 성남도시개발공사에 최소 200억원의 손해를 끼친 혐의, 북한에 지급해야 할 방북비용 등 총 800만달러를 쌍방울그룹에 대납하게 한 혐의 등을 받는다........유튜브로 보기.https://youtu.be/Ssw-GAUeY_Q?si=Mp_cZXqmBabTx_yX.... 2vs2@yna.co.kr...관련기사....검찰, 李 체포동의 통지서 법원 송부…금명간 심사일정 정할 듯(종합2보).李 체포안 가결에 검찰 수사도 시험대에…영장심사 총력 준비.....제보는 카카오톡 okjebo..2023/09/22 10:01 송고.."
